-- ----------------------------
-- Table structure for pet_actions
-- ----------------------------
DROP TABLE IF EXISTS `pet_actions`;
CREATE TABLE `pet_actions`  (
                                `id` int NOT NULL AUTO_INCREMENT,
                                `pet_type` int NOT NULL,
                                `pet_name` varchar(32) CHARACTER SET latin1 COLLATE latin1_swedish_ci NOT NULL,
                                `offspring_type` int NOT NULL DEFAULT -1,
                                `happy_actions` varchar(100) CHARACTER SET latin1 COLLATE latin1_swedish_ci NOT NULL DEFAULT '',
                                `tired_actions` varchar(100) CHARACTER SET latin1 COLLATE latin1_swedish_ci NOT NULL DEFAULT '',
                                `random_actions` varchar(100) CHARACTER SET latin1 COLLATE latin1_swedish_ci NOT NULL DEFAULT '',
                                `can_swim` enum('1','0') CHARACTER SET latin1 COLLATE latin1_swedish_ci NULL DEFAULT '0',
                                PRIMARY KEY (`id`) USING BTREE
) ENGINE = MyISAM AUTO_INCREMENT = 78 CHARACTER SET = latin1 COLLATE = latin1_swedish_ci ROW_FORMAT = DYNAMIC;

-- ----------------------------
-- Records of pet_actions
-- ----------------------------
INSERT INTO `pet_actions` VALUES (77, 0, 'Dog', -1, '', '', '', '0');
INSERT INTO `pet_actions` VALUES (1, 1, 'Cat', -1, '', '', '', '0');
INSERT INTO `pet_actions` VALUES (2, 2, 'Crocodile', -1, '', '', '', '0');
INSERT INTO `pet_actions` VALUES (3, 3, 'Terrier', -1, '', '', '', '0');
INSERT INTO `pet_actions` VALUES (4, 4, 'Bear', -1, '', '', '', '0');
INSERT INTO `pet_actions` VALUES (5, 5, 'Pig', -1, '', '', '', '0');
INSERT INTO `pet_actions` VALUES (6, 6, 'Lion', -1, '', '', '', '0');
INSERT INTO `pet_actions` VALUES (7, 7, 'Rhino', -1, '', '', '', '0');
INSERT INTO `pet_actions` VALUES (8, 8, 'Spider', -1, '', '', '', '0');
INSERT INTO `pet_actions` VALUES (9, 9, 'Turtle', -1, '', '', '', '1');
INSERT INTO `pet_actions` VALUES (10, 10, 'Chicken', -1, '', '', '', '0');
INSERT INTO `pet_actions` VALUES (11, 11, 'Frog', -1, '', '', '', '0');
INSERT INTO `pet_actions` VALUES (12, 12, 'Dragon', -1, '', '', '', '0');
INSERT INTO `pet_actions` VALUES (13, 13, 'Monster', -1, '', '', '', '0');
INSERT INTO `pet_actions` VALUES (14, 14, 'Monkey', -1, '', '', '', '1');
INSERT INTO `pet_actions` VALUES (15, 15, 'Horse', -1, '', '', '', '0');
INSERT INTO `pet_actions` VALUES (16, 16, 'Monsterplant', -1, '', '', '', '0');
INSERT INTO `pet_actions` VALUES (17, 17, 'Bunny', -1, '', '', '', '0');
INSERT INTO `pet_actions` VALUES (18, 18, 'Evil Bunny', -1, '', '', '', '0');
INSERT INTO `pet_actions` VALUES (19, 19, 'Bored Bunny', -1, '', '', '', '0');
INSERT INTO `pet_actions` VALUES (20, 20, 'Love Bunny', -1, '', '', '', '0');
INSERT INTO `pet_actions` VALUES (21, 21, 'Wise Pidgeon', -1, '', '', '', '0');
INSERT INTO `pet_actions` VALUES (22, 22, 'Cunning Pidgeon', -1, '', '', '', '0');
INSERT INTO `pet_actions` VALUES (23, 23, 'Evil Monkey', -1, '', '', '', '1');
INSERT INTO `pet_actions` VALUES (24, 24, 'Baby Bear', -1, '', '', '', '1');
INSERT INTO `pet_actions` VALUES (25, 25, 'Baby Terrier', -1, '', '', '', '1');
INSERT INTO `pet_actions` VALUES (26, 26, 'Gnome', -1, '', '', '', '0');
INSERT INTO `pet_actions` VALUES (27, 27, 'Leprechaun', -1, '', '', '', '0');
INSERT INTO `pet_actions` VALUES (28, 28, 'Baby Cat', -1, '', '', '', '1');
INSERT INTO `pet_actions` VALUES (29, 29, 'Baby Dog', -1, '', '', '', '1');
INSERT INTO `pet_actions` VALUES (30, 30, 'Baby Pig', -1, '', '', '', '1');
INSERT INTO `pet_actions` VALUES (31, 31, 'Haloompa', -1, '', '', '', '0');
INSERT INTO `pet_actions` VALUES (32, 32, 'Fools', -1, '', '', '', '1');
INSERT INTO `pet_actions` VALUES (33, 33, 'Pterodactyl', -1, '', '', '', '0');
INSERT INTO `pet_actions` VALUES (34, 34, 'Velociraptor', -1, '', '', '', '0');
INSERT INTO `pet_actions` VALUES (35, 35, 'Cow', -1, '', '', '', '0');
INSERT INTO `pet_actions` VALUES (36, 36, 'pkmnentei', -1, '', '', '', '0');
INSERT INTO `pet_actions` VALUES (37, 37, 'pkmnPAPI0', -1, '', '', '', '0');
INSERT INTO `pet_actions` VALUES (45, 45, 'Shaymin', -1, '', '', '', '0');
INSERT INTO `pet_actions` VALUES (43, 43, 'PinkMew', -1, '', '', '', '0');
INSERT INTO `pet_actions` VALUES (44, 44, 'Pikachu', -1, '', '', '', '0');
INSERT INTO `pet_actions` VALUES (42, 42, 'GoldenMew', -1, '', '', '', '0');
INSERT INTO `pet_actions` VALUES (41, 41, 'BlueMew', -1, '', '', '', '0');
INSERT INTO `pet_actions` VALUES (40, 40, 'Entei', -1, '', '', '', '0');
INSERT INTO `pet_actions` VALUES (39, 39, 'Squirtle', -1, '', '', '', '0');
INSERT INTO `pet_actions` VALUES (38, 38, 'Hamster', -1, '', '', '', '0');
INSERT INTO `pet_actions` VALUES (49, 49, 'Darkrai', -1, '', '', '', '0');
INSERT INTO `pet_actions` VALUES (48, 48, 'Celebi', -1, '', '', '', '0');
INSERT INTO `pet_actions` VALUES (47, 47, 'Beautifly', -1, '', '', '', '0');
INSERT INTO `pet_actions` VALUES (46, 46, 'AshKetchum', -1, '', '', '', '0');
INSERT INTO `pet_actions` VALUES (50, 50, 'Eevee', -1, '', '', '', '0');
INSERT INTO `pet_actions` VALUES (51, 51, 'Jirachi', -1, '', '', '', '0');
INSERT INTO `pet_actions` VALUES (52, 52, 'Pichu', -1, '', '', '', '0');
INSERT INTO `pet_actions` VALUES (53, 53, 'Riolu', -1, '', '', '', '0');
INSERT INTO `pet_actions` VALUES (54, 54, 'Shaymin', -1, '', '', '', '0');
INSERT INTO `pet_actions` VALUES (55, 55, 'Togepi', -1, '', '', '', '0');
INSERT INTO `pet_actions` VALUES (56, 56, 'Victini', -1, '', '', '', '0');
INSERT INTO `pet_actions` VALUES (57, 57, 'Baby Human 1', -1, '', '', '', '0');
INSERT INTO `pet_actions` VALUES (58, 58, 'Baby Human 2', -1, '', '', '', '0');
INSERT INTO `pet_actions` VALUES (59, 59, 'Baby Human 3', -1, '', '', '', '0');
INSERT INTO `pet_actions` VALUES (60, 60, 'Baby Human 4', -1, '', '', '', '0');

-- ----------------------------
-- Table structure for pet_breeding
-- ----------------------------
DROP TABLE IF EXISTS `pet_breeding`;
CREATE TABLE `pet_breeding`  (
                                 `pet_id` int NOT NULL,
                                 `offspring_id` int NOT NULL
) ENGINE = MyISAM CHARACTER SET = latin1 COLLATE = latin1_swedish_ci ROW_FORMAT = FIXED;

-- ----------------------------
-- Records of pet_breeding
-- ----------------------------
INSERT INTO `pet_breeding` VALUES (36, 37);

-- ----------------------------
-- Table structure for pet_breeding_races
-- ----------------------------
DROP TABLE IF EXISTS `pet_breeding_races`;
CREATE TABLE `pet_breeding_races`  (
                                       `pet_type` int NOT NULL,
                                       `rarity_level` int NOT NULL,
                                       `breed` int NOT NULL
) ENGINE = MyISAM CHARACTER SET = latin1 COLLATE = latin1_swedish_ci ROW_FORMAT = FIXED;

-- ----------------------------
-- Records of pet_breeding_races
-- ----------------------------
INSERT INTO `pet_breeding_races` VALUES (28, 1, 1);
INSERT INTO `pet_breeding_races` VALUES (28, 1, 2);
INSERT INTO `pet_breeding_races` VALUES (28, 1, 3);
INSERT INTO `pet_breeding_races` VALUES (28, 1, 4);
INSERT INTO `pet_breeding_races` VALUES (28, 1, 5);
INSERT INTO `pet_breeding_races` VALUES (28, 1, 6);
INSERT INTO `pet_breeding_races` VALUES (28, 1, 7);
INSERT INTO `pet_breeding_races` VALUES (28, 2, 8);
INSERT INTO `pet_breeding_races` VALUES (28, 2, 9);
INSERT INTO `pet_breeding_races` VALUES (28, 2, 10);
INSERT INTO `pet_breeding_races` VALUES (28, 2, 11);
INSERT INTO `pet_breeding_races` VALUES (28, 2, 12);
INSERT INTO `pet_breeding_races` VALUES (28, 2, 13);
INSERT INTO `pet_breeding_races` VALUES (28, 3, 14);
INSERT INTO `pet_breeding_races` VALUES (28, 3, 15);
INSERT INTO `pet_breeding_races` VALUES (28, 3, 16);
INSERT INTO `pet_breeding_races` VALUES (28, 3, 17);
INSERT INTO `pet_breeding_races` VALUES (28, 4, 18);
INSERT INTO `pet_breeding_races` VALUES (28, 4, 19);
INSERT INTO `pet_breeding_races` VALUES (28, 4, 20);
INSERT INTO `pet_breeding_races` VALUES (36, 1, 37);
INSERT INTO `pet_breeding_races` VALUES (36, 4, 22);

-- ----------------------------
-- Table structure for pet_breeds
-- ----------------------------
DROP TABLE IF EXISTS `pet_breeds`;
CREATE TABLE `pet_breeds`  (
                               `race` int NOT NULL,
                               `color_one` int NOT NULL,
                               `color_two` int NOT NULL,
                               `has_color_one` enum('0','1') CHARACTER SET latin1 COLLATE latin1_swedish_ci NOT NULL DEFAULT '0',
                               `has_color_two` enum('0','1') CHARACTER SET latin1 COLLATE latin1_swedish_ci NOT NULL DEFAULT '0',
                               UNIQUE INDEX `idx_name`(`race`, `color_one`, `color_two`, `has_color_one`, `has_color_two`) USING BTREE
) ENGINE = MyISAM CHARACTER SET = latin1 COLLATE = latin1_swedish_ci ROW_FORMAT = FIXED;

-- ----------------------------
-- Records of pet_breeds
-- ----------------------------
INSERT INTO `pet_breeds` VALUES (0, 0, 0, '1', '0');
INSERT INTO `pet_breeds` VALUES (0, 1, 1, '1', '0');
INSERT INTO `pet_breeds` VALUES (0, 2, 2, '1', '0');
INSERT INTO `pet_breeds` VALUES (0, 3, 3, '1', '0');
INSERT INTO `pet_breeds` VALUES (0, 4, 4, '1', '0');
INSERT INTO `pet_breeds` VALUES (0, 5, 5, '1', '0');
INSERT INTO `pet_breeds` VALUES (0, 6, 6, '1', '0');
INSERT INTO `pet_breeds` VALUES (0, 7, 7, '1', '0');
INSERT INTO `pet_breeds` VALUES (0, 8, 8, '1', '0');
INSERT INTO `pet_breeds` VALUES (0, 9, 9, '1', '0');
INSERT INTO `pet_breeds` VALUES (0, 10, 10, '1', '0');
INSERT INTO `pet_breeds` VALUES (0, 11, 11, '1', '0');
INSERT INTO `pet_breeds` VALUES (0, 12, 12, '1', '0');
INSERT INTO `pet_breeds` VALUES (0, 13, 13, '1', '0');
INSERT INTO `pet_breeds` VALUES (0, 14, 14, '1', '0');
INSERT INTO `pet_breeds` VALUES (0, 15, 15, '1', '0');
INSERT INTO `pet_breeds` VALUES (0, 16, 16, '1', '0');
INSERT INTO `pet_breeds` VALUES (0, 17, 17, '1', '0');
INSERT INTO `pet_breeds` VALUES (0, 18, 18, '1', '0');
INSERT INTO `pet_breeds` VALUES (0, 19, 19, '1', '0');
INSERT INTO `pet_breeds` VALUES (0, 20, 20, '1', '0');
INSERT INTO `pet_breeds` VALUES (0, 21, 21, '1', '0');
INSERT INTO `pet_breeds` VALUES (0, 22, 22, '1', '0');
INSERT INTO `pet_breeds` VALUES (0, 23, 23, '1', '0');
INSERT INTO `pet_breeds` VALUES (0, 24, 24, '1', '0');
INSERT INTO `pet_breeds` VALUES (1, 0, 0, '1', '0');
INSERT INTO `pet_breeds` VALUES (1, 1, 1, '1', '0');
INSERT INTO `pet_breeds` VALUES (1, 2, 2, '1', '0');
INSERT INTO `pet_breeds` VALUES (1, 3, 3, '1', '0');
INSERT INTO `pet_breeds` VALUES (1, 4, 4, '1', '0');
INSERT INTO `pet_breeds` VALUES (1, 5, 5, '1', '0');
INSERT INTO `pet_breeds` VALUES (1, 6, 6, '1', '0');
INSERT INTO `pet_breeds` VALUES (1, 7, 7, '1', '0');
INSERT INTO `pet_breeds` VALUES (1, 8, 8, '1', '0');
INSERT INTO `pet_breeds` VALUES (1, 9, 9, '1', '0');
INSERT INTO `pet_breeds` VALUES (1, 10, 10, '1', '0');
INSERT INTO `pet_breeds` VALUES (1, 11, 11, '1', '0');
INSERT INTO `pet_breeds` VALUES (1, 12, 12, '1', '0');
INSERT INTO `pet_breeds` VALUES (1, 13, 13, '1', '0');
INSERT INTO `pet_breeds` VALUES (1, 14, 14, '1', '0');
INSERT INTO `pet_breeds` VALUES (1, 15, 15, '1', '0');
INSERT INTO `pet_breeds` VALUES (1, 16, 16, '1', '0');
INSERT INTO `pet_breeds` VALUES (1, 17, 17, '1', '0');
INSERT INTO `pet_breeds` VALUES (1, 18, 18, '1', '0');
INSERT INTO `pet_breeds` VALUES (1, 19, 19, '1', '0');
INSERT INTO `pet_breeds` VALUES (1, 20, 20, '1', '0');
INSERT INTO `pet_breeds` VALUES (1, 21, 21, '1', '0');
INSERT INTO `pet_breeds` VALUES (1, 22, 22, '1', '0');
INSERT INTO `pet_breeds` VALUES (1, 23, 23, '1', '0');
INSERT INTO `pet_breeds` VALUES (1, 24, 24, '1', '0');
INSERT INTO `pet_breeds` VALUES (2, 0, 0, '1', '0');
INSERT INTO `pet_breeds` VALUES (2, 1, 1, '1', '0');
INSERT INTO `pet_breeds` VALUES (2, 2, 2, '1', '0');
INSERT INTO `pet_breeds` VALUES (2, 3, 3, '1', '0');
INSERT INTO `pet_breeds` VALUES (2, 4, 4, '1', '0');
INSERT INTO `pet_breeds` VALUES (2, 5, 5, '1', '0');
INSERT INTO `pet_breeds` VALUES (2, 6, 6, '1', '0');
INSERT INTO `pet_breeds` VALUES (2, 7, 7, '1', '0');
INSERT INTO `pet_breeds` VALUES (2, 8, 8, '1', '0');
INSERT INTO `pet_breeds` VALUES (2, 9, 9, '1', '0');
INSERT INTO `pet_breeds` VALUES (2, 10, 10, '1', '0');
INSERT INTO `pet_breeds` VALUES (2, 11, 11, '1', '0');
INSERT INTO `pet_breeds` VALUES (3, 0, 0, '1', '0');
INSERT INTO `pet_breeds` VALUES (3, 1, 1, '1', '0');
INSERT INTO `pet_breeds` VALUES (3, 2, 2, '1', '0');
INSERT INTO `pet_breeds` VALUES (3, 3, 3, '1', '0');
INSERT INTO `pet_breeds` VALUES (3, 4, 4, '1', '0');
INSERT INTO `pet_breeds` VALUES (3, 5, 5, '1', '0');
INSERT INTO `pet_breeds` VALUES (3, 6, 6, '1', '0');
INSERT INTO `pet_breeds` VALUES (4, 0, 0, '1', '0');
INSERT INTO `pet_breeds` VALUES (4, 1, 1, '1', '0');
INSERT INTO `pet_breeds` VALUES (4, 2, 2, '1', '0');
INSERT INTO `pet_breeds` VALUES (4, 3, 3, '1', '0');
INSERT INTO `pet_breeds` VALUES (5, 0, 0, '1', '0');
INSERT INTO `pet_breeds` VALUES (5, 1, 1, '1', '0');
INSERT INTO `pet_breeds` VALUES (5, 2, 2, '1', '0');
INSERT INTO `pet_breeds` VALUES (5, 3, 3, '1', '0');
INSERT INTO `pet_breeds` VALUES (5, 5, 5, '1', '0');
INSERT INTO `pet_breeds` VALUES (5, 7, 7, '1', '0');
INSERT INTO `pet_breeds` VALUES (5, 8, 8, '1', '0');
INSERT INTO `pet_breeds` VALUES (6, 0, 0, '1', '0');
INSERT INTO `pet_breeds` VALUES (6, 1, 1, '1', '0');
INSERT INTO `pet_breeds` VALUES (6, 2, 2, '1', '0');
INSERT INTO `pet_breeds` VALUES (6, 3, 3, '1', '0');
INSERT INTO `pet_breeds` VALUES (6, 4, 4, '1', '0');
INSERT INTO `pet_breeds` VALUES (6, 5, 5, '1', '0');
INSERT INTO `pet_breeds` VALUES (6, 6, 6, '0', '1');
INSERT INTO `pet_breeds` VALUES (6, 7, 7, '0', '1');
INSERT INTO `pet_breeds` VALUES (6, 8, 8, '0', '1');
INSERT INTO `pet_breeds` VALUES (6, 9, 9, '0', '1');
INSERT INTO `pet_breeds` VALUES (6, 10, 10, '0', '1');
INSERT INTO `pet_breeds` VALUES (6, 11, 11, '1', '0');
INSERT INTO `pet_breeds` VALUES (6, 12, 12, '0', '1');
INSERT INTO `pet_breeds` VALUES (7, 0, 0, '1', '0');
INSERT INTO `pet_breeds` VALUES (7, 1, 1, '1', '0');
INSERT INTO `pet_breeds` VALUES (7, 2, 2, '1', '0');
INSERT INTO `pet_breeds` VALUES (7, 3, 3, '0', '1');
INSERT INTO `pet_breeds` VALUES (7, 4, 4, '1', '0');
INSERT INTO `pet_breeds` VALUES (7, 5, 5, '1', '0');
INSERT INTO `pet_breeds` VALUES (7, 6, 6, '1', '0');
INSERT INTO `pet_breeds` VALUES (7, 7, 7, '1', '0');
INSERT INTO `pet_breeds` VALUES (8, 0, 0, '1', '0');
INSERT INTO `pet_breeds` VALUES (8, 1, 1, '1', '0');
INSERT INTO `pet_breeds` VALUES (8, 2, 2, '1', '0');
INSERT INTO `pet_breeds` VALUES (8, 3, 3, '1', '0');
INSERT INTO `pet_breeds` VALUES (8, 4, 4, '1', '0');
INSERT INTO `pet_breeds` VALUES (8, 5, 5, '1', '0');
INSERT INTO `pet_breeds` VALUES (8, 6, 6, '1', '0');
INSERT INTO `pet_breeds` VALUES (8, 7, 7, '1', '0');
INSERT INTO `pet_breeds` VALUES (8, 8, 8, '1', '0');
INSERT INTO `pet_breeds` VALUES (8, 9, 9, '1', '0');
INSERT INTO `pet_breeds` VALUES (8, 10, 10, '1', '0');
INSERT INTO `pet_breeds` VALUES (8, 11, 11, '1', '0');
INSERT INTO `pet_breeds` VALUES (8, 14, 14, '1', '0');
INSERT INTO `pet_breeds` VALUES (9, 0, 0, '1', '0');
INSERT INTO `pet_breeds` VALUES (9, 1, 1, '1', '0');
INSERT INTO `pet_breeds` VALUES (9, 2, 2, '1', '0');
INSERT INTO `pet_breeds` VALUES (9, 3, 3, '1', '0');
INSERT INTO `pet_breeds` VALUES (9, 4, 4, '1', '0');
INSERT INTO `pet_breeds` VALUES (9, 5, 5, '1', '0');
INSERT INTO `pet_breeds` VALUES (9, 6, 6, '1', '0');
INSERT INTO `pet_breeds` VALUES (9, 7, 7, '1', '0');
INSERT INTO `pet_breeds` VALUES (9, 8, 8, '1', '0');
INSERT INTO `pet_breeds` VALUES (10, 0, 0, '1', '1');
INSERT INTO `pet_breeds` VALUES (10, 1, 1, '1', '1');
INSERT INTO `pet_breeds` VALUES (10, 2, 2, '1', '1');
INSERT INTO `pet_breeds` VALUES (10, 3, 3, '1', '1');
INSERT INTO `pet_breeds` VALUES (10, 4, 4, '1', '1');
INSERT INTO `pet_breeds` VALUES (11, 1, 1, '1', '0');
INSERT INTO `pet_breeds` VALUES (11, 2, 2, '1', '0');
INSERT INTO `pet_breeds` VALUES (11, 3, 3, '1', '0');
INSERT INTO `pet_breeds` VALUES (11, 4, 4, '1', '0');
INSERT INTO `pet_breeds` VALUES (11, 5, 5, '1', '0');
INSERT INTO `pet_breeds` VALUES (11, 6, 6, '1', '0');
INSERT INTO `pet_breeds` VALUES (11, 8, 8, '0', '0');
INSERT INTO `pet_breeds` VALUES (11, 9, 9, '1', '0');
INSERT INTO `pet_breeds` VALUES (11, 10, 10, '1', '0');
INSERT INTO `pet_breeds` VALUES (11, 11, 11, '1', '0');
INSERT INTO `pet_breeds` VALUES (11, 12, 12, '1', '0');
INSERT INTO `pet_breeds` VALUES (11, 13, 13, '1', '0');
INSERT INTO `pet_breeds` VALUES (11, 15, 15, '1', '0');
INSERT INTO `pet_breeds` VALUES (11, 18, 18, '1', '0');
INSERT INTO `pet_breeds` VALUES (12, 0, 0, '1', '0');
INSERT INTO `pet_breeds` VALUES (12, 1, 1, '1', '0');
INSERT INTO `pet_breeds` VALUES (12, 2, 2, '1', '0');
INSERT INTO `pet_breeds` VALUES (12, 3, 3, '1', '0');
INSERT INTO `pet_breeds` VALUES (12, 4, 4, '1', '0');
INSERT INTO `pet_breeds` VALUES (12, 5, 5, '1', '0');
INSERT INTO `pet_breeds` VALUES (12, 6, 6, '1', '0');
INSERT INTO `pet_breeds` VALUES (12, 7, 7, '1', '0');
INSERT INTO `pet_breeds` VALUES (12, 8, 8, '1', '0');
INSERT INTO `pet_breeds` VALUES (12, 9, 9, '1', '0');
INSERT INTO `pet_breeds` VALUES (12, 10, 10, '1', '0');
INSERT INTO `pet_breeds` VALUES (13, 0, 0, '1', '0');
INSERT INTO `pet_breeds` VALUES (14, 0, 0, '1', '1');
INSERT INTO `pet_breeds` VALUES (14, 1, 1, '1', '1');
INSERT INTO `pet_breeds` VALUES (14, 2, 2, '1', '1');
INSERT INTO `pet_breeds` VALUES (14, 3, 3, '1', '1');
INSERT INTO `pet_breeds` VALUES (14, 4, 4, '1', '1');
INSERT INTO `pet_breeds` VALUES (14, 5, 5, '1', '1');
INSERT INTO `pet_breeds` VALUES (14, 6, 6, '1', '1');
INSERT INTO `pet_breeds` VALUES (14, 7, 7, '1', '1');
INSERT INTO `pet_breeds` VALUES (14, 8, 8, '1', '1');
INSERT INTO `pet_breeds` VALUES (14, 9, 9, '1', '1');
INSERT INTO `pet_breeds` VALUES (14, 10, 10, '1', '1');
INSERT INTO `pet_breeds` VALUES (14, 11, 11, '1', '1');
INSERT INTO `pet_breeds` VALUES (14, 12, 12, '1', '1');
INSERT INTO `pet_breeds` VALUES (14, 13, 13, '1', '1');
INSERT INTO `pet_breeds` VALUES (15, 1, 2, '1', '0');
INSERT INTO `pet_breeds` VALUES (15, 1, 6, '1', '0');
INSERT INTO `pet_breeds` VALUES (15, 1, 10, '1', '0');
INSERT INTO `pet_breeds` VALUES (15, 1, 14, '1', '0');
INSERT INTO `pet_breeds` VALUES (15, 1, 18, '1', '0');
INSERT INTO `pet_breeds` VALUES (15, 1, 21, '1', '0');
INSERT INTO `pet_breeds` VALUES (15, 1, 25, '1', '0');
INSERT INTO `pet_breeds` VALUES (15, 1, 29, '1', '0');
INSERT INTO `pet_breeds` VALUES (15, 1, 33, '1', '0');
INSERT INTO `pet_breeds` VALUES (15, 1, 37, '1', '0');
INSERT INTO `pet_breeds` VALUES (15, 1, 41, '1', '0');
INSERT INTO `pet_breeds` VALUES (15, 1, 45, '1', '0');
INSERT INTO `pet_breeds` VALUES (15, 1, 49, '1', '0');
INSERT INTO `pet_breeds` VALUES (15, 1, 53, '1', '0');
INSERT INTO `pet_breeds` VALUES (15, 1, 57, '1', '0');
INSERT INTO `pet_breeds` VALUES (15, 2, 3, '1', '0');
INSERT INTO `pet_breeds` VALUES (15, 2, 7, '1', '0');
INSERT INTO `pet_breeds` VALUES (15, 2, 11, '1', '0');
INSERT INTO `pet_breeds` VALUES (15, 2, 15, '1', '0');
INSERT INTO `pet_breeds` VALUES (15, 2, 19, '1', '0');
INSERT INTO `pet_breeds` VALUES (15, 2, 22, '1', '0');
INSERT INTO `pet_breeds` VALUES (15, 2, 26, '1', '0');
INSERT INTO `pet_breeds` VALUES (15, 2, 30, '1', '0');
INSERT INTO `pet_breeds` VALUES (15, 2, 34, '1', '0');
INSERT INTO `pet_breeds` VALUES (15, 2, 38, '1', '0');
INSERT INTO `pet_breeds` VALUES (15, 2, 42, '1', '0');
INSERT INTO `pet_breeds` VALUES (15, 2, 46, '1', '0');
INSERT INTO `pet_breeds` VALUES (15, 2, 50, '1', '0');
INSERT INTO `pet_breeds` VALUES (15, 2, 54, '1', '0');
INSERT INTO `pet_breeds` VALUES (15, 2, 58, '1', '0');
INSERT INTO `pet_breeds` VALUES (15, 3, 4, '1', '0');
INSERT INTO `pet_breeds` VALUES (15, 3, 8, '1', '0');
INSERT INTO `pet_breeds` VALUES (15, 3, 12, '1', '0');
INSERT INTO `pet_breeds` VALUES (15, 3, 16, '1', '0');
INSERT INTO `pet_breeds` VALUES (15, 3, 20, '1', '0');
INSERT INTO `pet_breeds` VALUES (15, 3, 23, '1', '0');
INSERT INTO `pet_breeds` VALUES (15, 3, 27, '1', '0');
INSERT INTO `pet_breeds` VALUES (15, 3, 31, '1', '0');
INSERT INTO `pet_breeds` VALUES (15, 3, 35, '1', '0');
INSERT INTO `pet_breeds` VALUES (15, 3, 39, '1', '0');
INSERT INTO `pet_breeds` VALUES (15, 3, 43, '1', '0');
INSERT INTO `pet_breeds` VALUES (15, 3, 47, '1', '0');
INSERT INTO `pet_breeds` VALUES (15, 3, 51, '1', '0');
INSERT INTO `pet_breeds` VALUES (15, 3, 55, '1', '0');
INSERT INTO `pet_breeds` VALUES (15, 3, 59, '1', '0');
INSERT INTO `pet_breeds` VALUES (15, 4, 5, '1', '0');
INSERT INTO `pet_breeds` VALUES (15, 4, 9, '1', '0');
INSERT INTO `pet_breeds` VALUES (15, 4, 13, '1', '0');
INSERT INTO `pet_breeds` VALUES (15, 4, 17, '1', '0');
INSERT INTO `pet_breeds` VALUES (15, 4, 21, '1', '0');
INSERT INTO `pet_breeds` VALUES (15, 4, 24, '1', '0');
INSERT INTO `pet_breeds` VALUES (15, 4, 28, '1', '0');
INSERT INTO `pet_breeds` VALUES (15, 4, 32, '1', '0');
INSERT INTO `pet_breeds` VALUES (15, 4, 36, '1', '0');
INSERT INTO `pet_breeds` VALUES (15, 4, 40, '1', '0');
INSERT INTO `pet_breeds` VALUES (15, 4, 44, '1', '0');
INSERT INTO `pet_breeds` VALUES (15, 4, 48, '1', '0');
INSERT INTO `pet_breeds` VALUES (15, 4, 52, '1', '0');
INSERT INTO `pet_breeds` VALUES (15, 4, 56, '1', '0');
INSERT INTO `pet_breeds` VALUES (15, 4, 60, '1', '0');
INSERT INTO `pet_breeds` VALUES (17, 0, 0, '1', '0');
INSERT INTO `pet_breeds` VALUES (17, 1, 1, '1', '0');
INSERT INTO `pet_breeds` VALUES (17, 2, 2, '1', '0');
INSERT INTO `pet_breeds` VALUES (17, 3, 3, '1', '0');
INSERT INTO `pet_breeds` VALUES (17, 4, 4, '1', '0');
INSERT INTO `pet_breeds` VALUES (18, 0, 0, '1', '0');
INSERT INTO `pet_breeds` VALUES (19, 0, 0, '1', '0');
INSERT INTO `pet_breeds` VALUES (20, 0, 0, '1', '0');
INSERT INTO `pet_breeds` VALUES (21, 0, 0, '1', '0');
INSERT INTO `pet_breeds` VALUES (22, 0, 0, '1', '0');
INSERT INTO `pet_breeds` VALUES (23, 0, 0, '1', '0');
INSERT INTO `pet_breeds` VALUES (24, 0, 0, '1', '0');
INSERT INTO `pet_breeds` VALUES (24, 1, 1, '1', '0');
INSERT INTO `pet_breeds` VALUES (24, 2, 2, '1', '0');
INSERT INTO `pet_breeds` VALUES (24, 3, 3, '1', '0');
INSERT INTO `pet_breeds` VALUES (24, 4, 4, '1', '0');
INSERT INTO `pet_breeds` VALUES (24, 5, 5, '1', '0');
INSERT INTO `pet_breeds` VALUES (24, 6, 6, '1', '0');
INSERT INTO `pet_breeds` VALUES (24, 7, 7, '1', '0');
INSERT INTO `pet_breeds` VALUES (24, 8, 8, '1', '0');
INSERT INTO `pet_breeds` VALUES (24, 9, 9, '1', '0');
INSERT INTO `pet_breeds` VALUES (24, 10, 10, '1', '0');
INSERT INTO `pet_breeds` VALUES (24, 11, 11, '1', '0');
INSERT INTO `pet_breeds` VALUES (24, 12, 12, '1', '0');
INSERT INTO `pet_breeds` VALUES (24, 13, 13, '1', '0');
INSERT INTO `pet_breeds` VALUES (24, 14, 14, '1', '0');
INSERT INTO `pet_breeds` VALUES (24, 15, 15, '1', '0');
INSERT INTO `pet_breeds` VALUES (24, 16, 16, '1', '0');
INSERT INTO `pet_breeds` VALUES (24, 17, 17, '1', '0');
INSERT INTO `pet_breeds` VALUES (24, 18, 18, '1', '0');
INSERT INTO `pet_breeds` VALUES (24, 19, 19, '1', '0');
INSERT INTO `pet_breeds` VALUES (25, 0, 0, '1', '0');
INSERT INTO `pet_breeds` VALUES (25, 1, 1, '1', '0');
INSERT INTO `pet_breeds` VALUES (25, 2, 2, '1', '0');
INSERT INTO `pet_breeds` VALUES (25, 3, 3, '1', '0');
INSERT INTO `pet_breeds` VALUES (25, 4, 4, '1', '0');
INSERT INTO `pet_breeds` VALUES (25, 5, 5, '1', '0');
INSERT INTO `pet_breeds` VALUES (25, 6, 6, '1', '0');
INSERT INTO `pet_breeds` VALUES (25, 7, 7, '1', '0');
INSERT INTO `pet_breeds` VALUES (25, 8, 8, '1', '0');
INSERT INTO `pet_breeds` VALUES (25, 9, 9, '1', '0');
INSERT INTO `pet_breeds` VALUES (25, 10, 10, '1', '0');
INSERT INTO `pet_breeds` VALUES (25, 11, 11, '1', '0');
INSERT INTO `pet_breeds` VALUES (25, 12, 12, '1', '0');
INSERT INTO `pet_breeds` VALUES (25, 13, 13, '1', '0');
INSERT INTO `pet_breeds` VALUES (25, 14, 14, '1', '0');
INSERT INTO `pet_breeds` VALUES (25, 15, 15, '1', '0');
INSERT INTO `pet_breeds` VALUES (25, 16, 16, '1', '0');
INSERT INTO `pet_breeds` VALUES (25, 17, 17, '1', '0');
INSERT INTO `pet_breeds` VALUES (25, 18, 18, '1', '0');
INSERT INTO `pet_breeds` VALUES (25, 19, 19, '1', '0');
INSERT INTO `pet_breeds` VALUES (26, 0, 0, '0', '0');
INSERT INTO `pet_breeds` VALUES (27, 0, 0, '0', '0');
INSERT INTO `pet_breeds` VALUES (28, 1, 1, '1', '0');
INSERT INTO `pet_breeds` VALUES (28, 2, 2, '1', '0');
INSERT INTO `pet_breeds` VALUES (28, 3, 3, '1', '0');
INSERT INTO `pet_breeds` VALUES (28, 4, 4, '1', '0');
INSERT INTO `pet_breeds` VALUES (28, 5, 5, '1', '0');
INSERT INTO `pet_breeds` VALUES (28, 6, 6, '1', '0');
INSERT INTO `pet_breeds` VALUES (28, 7, 7, '1', '0');
INSERT INTO `pet_breeds` VALUES (28, 8, 8, '1', '0');
INSERT INTO `pet_breeds` VALUES (28, 9, 9, '1', '0');
INSERT INTO `pet_breeds` VALUES (28, 10, 10, '1', '0');
INSERT INTO `pet_breeds` VALUES (28, 11, 11, '1', '0');
INSERT INTO `pet_breeds` VALUES (28, 12, 12, '1', '0');
INSERT INTO `pet_breeds` VALUES (28, 13, 13, '1', '0');
INSERT INTO `pet_breeds` VALUES (28, 14, 14, '1', '0');
INSERT INTO `pet_breeds` VALUES (28, 15, 15, '1', '0');
INSERT INTO `pet_breeds` VALUES (28, 16, 16, '1', '0');
INSERT INTO `pet_breeds` VALUES (28, 17, 17, '1', '0');
INSERT INTO `pet_breeds` VALUES (28, 18, 18, '1', '0');
INSERT INTO `pet_breeds` VALUES (28, 19, 19, '1', '0');
INSERT INTO `pet_breeds` VALUES (28, 20, 20, '1', '0');
INSERT INTO `pet_breeds` VALUES (29, 1, 1, '1', '0');
INSERT INTO `pet_breeds` VALUES (29, 2, 2, '1', '0');
INSERT INTO `pet_breeds` VALUES (29, 3, 3, '1', '0');
INSERT INTO `pet_breeds` VALUES (29, 4, 4, '1', '0');
INSERT INTO `pet_breeds` VALUES (29, 5, 5, '1', '0');
INSERT INTO `pet_breeds` VALUES (29, 6, 6, '1', '0');
INSERT INTO `pet_breeds` VALUES (29, 7, 7, '1', '0');
INSERT INTO `pet_breeds` VALUES (29, 8, 8, '1', '0');
INSERT INTO `pet_breeds` VALUES (29, 9, 9, '1', '0');
INSERT INTO `pet_breeds` VALUES (29, 10, 10, '1', '0');
INSERT INTO `pet_breeds` VALUES (29, 11, 11, '1', '0');
INSERT INTO `pet_breeds` VALUES (29, 12, 12, '1', '0');
INSERT INTO `pet_breeds` VALUES (29, 13, 13, '1', '0');
INSERT INTO `pet_breeds` VALUES (29, 14, 14, '1', '0');
INSERT INTO `pet_breeds` VALUES (29, 15, 15, '1', '0');
INSERT INTO `pet_breeds` VALUES (29, 16, 16, '1', '0');
INSERT INTO `pet_breeds` VALUES (29, 17, 17, '1', '0');
INSERT INTO `pet_breeds` VALUES (29, 18, 18, '1', '0');
INSERT INTO `pet_breeds` VALUES (29, 19, 19, '1', '0');
INSERT INTO `pet_breeds` VALUES (29, 20, 20, '1', '0');
INSERT INTO `pet_breeds` VALUES (30, 1, 1, '1', '0');
INSERT INTO `pet_breeds` VALUES (30, 2, 2, '1', '0');
INSERT INTO `pet_breeds` VALUES (30, 3, 3, '1', '0');
INSERT INTO `pet_breeds` VALUES (30, 4, 4, '1', '0');
INSERT INTO `pet_breeds` VALUES (30, 5, 5, '1', '0');
INSERT INTO `pet_breeds` VALUES (30, 6, 6, '1', '0');
INSERT INTO `pet_breeds` VALUES (30, 7, 7, '1', '0');
INSERT INTO `pet_breeds` VALUES (30, 8, 8, '1', '0');
INSERT INTO `pet_breeds` VALUES (30, 9, 9, '1', '0');
INSERT INTO `pet_breeds` VALUES (30, 10, 10, '1', '0');
INSERT INTO `pet_breeds` VALUES (30, 11, 11, '1', '0');
INSERT INTO `pet_breeds` VALUES (30, 12, 12, '1', '0');
INSERT INTO `pet_breeds` VALUES (30, 13, 13, '1', '0');
INSERT INTO `pet_breeds` VALUES (30, 14, 14, '1', '0');
INSERT INTO `pet_breeds` VALUES (30, 15, 15, '1', '0');
INSERT INTO `pet_breeds` VALUES (30, 16, 16, '1', '0');
INSERT INTO `pet_breeds` VALUES (30, 17, 17, '1', '0');
INSERT INTO `pet_breeds` VALUES (30, 18, 18, '1', '0');
INSERT INTO `pet_breeds` VALUES (30, 19, 19, '1', '0');
INSERT INTO `pet_breeds` VALUES (30, 20, 20, '1', '0');
INSERT INTO `pet_breeds` VALUES (31, 0, 0, '1', '0');
INSERT INTO `pet_breeds` VALUES (31, 1, 1, '1', '0');
INSERT INTO `pet_breeds` VALUES (31, 2, 2, '1', '0');
INSERT INTO `pet_breeds` VALUES (31, 3, 3, '1', '0');
INSERT INTO `pet_breeds` VALUES (31, 4, 4, '1', '0');
INSERT INTO `pet_breeds` VALUES (31, 5, 5, '1', '0');
INSERT INTO `pet_breeds` VALUES (31, 6, 6, '1', '0');
INSERT INTO `pet_breeds` VALUES (31, 7, 7, '1', '0');
INSERT INTO `pet_breeds` VALUES (31, 8, 8, '1', '0');
INSERT INTO `pet_breeds` VALUES (31, 9, 9, '1', '0');
INSERT INTO `pet_breeds` VALUES (32, 0, 0, '1', '0');
INSERT INTO `pet_breeds` VALUES (33, 0, 0, '1', '0');
INSERT INTO `pet_breeds` VALUES (33, 1, 1, '1', '0');
INSERT INTO `pet_breeds` VALUES (33, 2, 2, '1', '0');
INSERT INTO `pet_breeds` VALUES (33, 3, 3, '1', '0');
INSERT INTO `pet_breeds` VALUES (33, 4, 4, '1', '0');
INSERT INTO `pet_breeds` VALUES (33, 5, 5, '1', '0');
INSERT INTO `pet_breeds` VALUES (33, 6, 6, '1', '0');
INSERT INTO `pet_breeds` VALUES (33, 7, 7, '1', '0');
INSERT INTO `pet_breeds` VALUES (33, 8, 8, '1', '0');
INSERT INTO `pet_breeds` VALUES (33, 9, 9, '1', '0');
INSERT INTO `pet_breeds` VALUES (33, 10, 10, '1', '0');
INSERT INTO `pet_breeds` VALUES (33, 11, 11, '1', '0');
INSERT INTO `pet_breeds` VALUES (33, 12, 12, '1', '0');
INSERT INTO `pet_breeds` VALUES (33, 13, 13, '1', '0');
INSERT INTO `pet_breeds` VALUES (33, 14, 14, '1', '0');
INSERT INTO `pet_breeds` VALUES (33, 15, 15, '1', '0');
INSERT INTO `pet_breeds` VALUES (33, 16, 16, '1', '0');
INSERT INTO `pet_breeds` VALUES (33, 17, 17, '1', '0');
INSERT INTO `pet_breeds` VALUES (33, 18, 18, '1', '0');
INSERT INTO `pet_breeds` VALUES (33, 19, 19, '1', '0');
INSERT INTO `pet_breeds` VALUES (33, 20, 20, '1', '0');
INSERT INTO `pet_breeds` VALUES (34, 0, 0, '1', '0');
INSERT INTO `pet_breeds` VALUES (34, 1, 1, '1', '0');
INSERT INTO `pet_breeds` VALUES (34, 2, 2, '1', '0');
INSERT INTO `pet_breeds` VALUES (34, 3, 3, '1', '0');
INSERT INTO `pet_breeds` VALUES (34, 4, 4, '1', '0');
INSERT INTO `pet_breeds` VALUES (34, 5, 5, '1', '0');
INSERT INTO `pet_breeds` VALUES (34, 6, 6, '1', '0');
INSERT INTO `pet_breeds` VALUES (34, 7, 7, '1', '0');
INSERT INTO `pet_breeds` VALUES (34, 8, 8, '1', '0');
INSERT INTO `pet_breeds` VALUES (34, 9, 9, '1', '0');
INSERT INTO `pet_breeds` VALUES (34, 10, 10, '1', '0');
INSERT INTO `pet_breeds` VALUES (34, 11, 11, '1', '0');
INSERT INTO `pet_breeds` VALUES (34, 12, 12, '1', '0');
INSERT INTO `pet_breeds` VALUES (34, 13, 13, '1', '0');
INSERT INTO `pet_breeds` VALUES (34, 14, 14, '1', '0');
INSERT INTO `pet_breeds` VALUES (34, 15, 15, '1', '0');
INSERT INTO `pet_breeds` VALUES (34, 16, 16, '1', '0');
INSERT INTO `pet_breeds` VALUES (34, 17, 17, '1', '0');
INSERT INTO `pet_breeds` VALUES (34, 18, 18, '1', '0');
INSERT INTO `pet_breeds` VALUES (34, 19, 19, '1', '0');
INSERT INTO `pet_breeds` VALUES (35, 2, 2, '1', '0');
INSERT INTO `pet_breeds` VALUES (35, 4, 4, '1', '0');
INSERT INTO `pet_breeds` VALUES (35, 5, 5, '1', '0');
INSERT INTO `pet_breeds` VALUES (35, 6, 6, '1', '0');
INSERT INTO `pet_breeds` VALUES (35, 7, 7, '1', '0');
INSERT INTO `pet_breeds` VALUES (35, 8, 8, '1', '0');
INSERT INTO `pet_breeds` VALUES (35, 9, 9, '1', '0');
INSERT INTO `pet_breeds` VALUES (35, 10, 10, '1', '0');
INSERT INTO `pet_breeds` VALUES (35, 11, 11, '1', '0');
INSERT INTO `pet_breeds` VALUES (35, 12, 12, '1', '0');
INSERT INTO `pet_breeds` VALUES (35, 13, 13, '1', '0');
INSERT INTO `pet_breeds` VALUES (35, 14, 14, '1', '0');
INSERT INTO `pet_breeds` VALUES (35, 15, 15, '1', '0');
INSERT INTO `pet_breeds` VALUES (35, 16, 16, '1', '0');
INSERT INTO `pet_breeds` VALUES (35, 17, 17, '1', '0');
INSERT INTO `pet_breeds` VALUES (35, 18, 18, '1', '1');
INSERT INTO `pet_breeds` VALUES (36, 0, 0, '1', '0');
INSERT INTO `pet_breeds` VALUES (37, 0, 0, '1', '0');
INSERT INTO `pet_breeds` VALUES (38, 0, 0, '1', '0');
INSERT INTO `pet_breeds` VALUES (39, 0, 0, '1', '0');
INSERT INTO `pet_breeds` VALUES (40, 0, 0, '1', '0');
INSERT INTO `pet_breeds` VALUES (41, 0, 0, '1', '0');
INSERT INTO `pet_breeds` VALUES (42, 0, 0, '1', '0');
INSERT INTO `pet_breeds` VALUES (43, 0, 0, '1', '0');
INSERT INTO `pet_breeds` VALUES (44, 0, 0, '1', '0');
INSERT INTO `pet_breeds` VALUES (45, 0, 0, '1', '0');
INSERT INTO `pet_breeds` VALUES (46, 0, 0, '1', '0');
INSERT INTO `pet_breeds` VALUES (47, 0, 0, '1', '0');
INSERT INTO `pet_breeds` VALUES (48, 0, 0, '1', '0');
INSERT INTO `pet_breeds` VALUES (49, 0, 0, '1', '0');
INSERT INTO `pet_breeds` VALUES (50, 0, 0, '1', '0');
INSERT INTO `pet_breeds` VALUES (51, 0, 0, '1', '0');
INSERT INTO `pet_breeds` VALUES (52, 0, 0, '1', '0');
INSERT INTO `pet_breeds` VALUES (53, 0, 0, '1', '0');
INSERT INTO `pet_breeds` VALUES (54, 0, 0, '1', '0');
INSERT INTO `pet_breeds` VALUES (55, 0, 0, '1', '0');
INSERT INTO `pet_breeds` VALUES (56, 0, 0, '1', '0');
INSERT INTO `pet_breeds` VALUES (57, 0, 0, '1', '0');
INSERT INTO `pet_breeds` VALUES (58, 0, 0, '1', '0');
INSERT INTO `pet_breeds` VALUES (59, 0, 0, '1', '0');
INSERT INTO `pet_breeds` VALUES (60, 0, 0, '1', '0');

-- ----------------------------
-- Table structure for pet_commands
-- ----------------------------
DROP TABLE IF EXISTS `pet_commands`;
CREATE TABLE `pet_commands`  (
                                 `pet_id` int NOT NULL,
                                 `command_id` int NOT NULL
) ENGINE = InnoDB CHARACTER SET = utf8mb4 COLLATE = utf8mb4_unicode_ci ROW_FORMAT = DYNAMIC;

-- ----------------------------
-- Records of pet_commands
-- ----------------------------
INSERT INTO `pet_commands` VALUES (0, 46);
INSERT INTO `pet_commands` VALUES (0, 0);
INSERT INTO `pet_commands` VALUES (0, 1);
INSERT INTO `pet_commands` VALUES (0, 14);
INSERT INTO `pet_commands` VALUES (0, 43);
INSERT INTO `pet_commands` VALUES (0, 2);
INSERT INTO `pet_commands` VALUES (0, 3);
INSERT INTO `pet_commands` VALUES (0, 17);
INSERT INTO `pet_commands` VALUES (0, 5);
INSERT INTO `pet_commands` VALUES (0, 6);
INSERT INTO `pet_commands` VALUES (0, 7);
INSERT INTO `pet_commands` VALUES (0, 8);
INSERT INTO `pet_commands` VALUES (0, 19);
INSERT INTO `pet_commands` VALUES (0, 10);
INSERT INTO `pet_commands` VALUES (0, 12);
INSERT INTO `pet_commands` VALUES (0, 13);
INSERT INTO `pet_commands` VALUES (0, 4);
INSERT INTO `pet_commands` VALUES (0, 15);
INSERT INTO `pet_commands` VALUES (0, 16);
INSERT INTO `pet_commands` VALUES (0, 24);
INSERT INTO `pet_commands` VALUES (0, 25);
INSERT INTO `pet_commands` VALUES (0, 26);
INSERT INTO `pet_commands` VALUES (1, 46);
INSERT INTO `pet_commands` VALUES (1, 0);
INSERT INTO `pet_commands` VALUES (1, 1);
INSERT INTO `pet_commands` VALUES (1, 14);
INSERT INTO `pet_commands` VALUES (1, 43);
INSERT INTO `pet_commands` VALUES (1, 2);
INSERT INTO `pet_commands` VALUES (1, 3);
INSERT INTO `pet_commands` VALUES (1, 17);
INSERT INTO `pet_commands` VALUES (1, 5);
INSERT INTO `pet_commands` VALUES (1, 6);
INSERT INTO `pet_commands` VALUES (1, 7);
INSERT INTO `pet_commands` VALUES (1, 8);
INSERT INTO `pet_commands` VALUES (1, 19);
INSERT INTO `pet_commands` VALUES (1, 10);
INSERT INTO `pet_commands` VALUES (1, 12);
INSERT INTO `pet_commands` VALUES (1, 13);
INSERT INTO `pet_commands` VALUES (1, 4);
INSERT INTO `pet_commands` VALUES (1, 15);
INSERT INTO `pet_commands` VALUES (1, 16);
INSERT INTO `pet_commands` VALUES (1, 24);
INSERT INTO `pet_commands` VALUES (1, 25);
INSERT INTO `pet_commands` VALUES (1, 26);
INSERT INTO `pet_commands` VALUES (2, 0);
INSERT INTO `pet_commands` VALUES (2, 1);
INSERT INTO `pet_commands` VALUES (2, 43);
INSERT INTO `pet_commands` VALUES (2, 2);
INSERT INTO `pet_commands` VALUES (2, 18);
INSERT INTO `pet_commands` VALUES (2, 4);
INSERT INTO `pet_commands` VALUES (2, 17);
INSERT INTO `pet_commands` VALUES (2, 5);
INSERT INTO `pet_commands` VALUES (2, 6);
INSERT INTO `pet_commands` VALUES (2, 7);
INSERT INTO `pet_commands` VALUES (2, 8);
INSERT INTO `pet_commands` VALUES (2, 10);
INSERT INTO `pet_commands` VALUES (2, 11);
INSERT INTO `pet_commands` VALUES (2, 12);
INSERT INTO `pet_commands` VALUES (2, 13);
INSERT INTO `pet_commands` VALUES (2, 15);
INSERT INTO `pet_commands` VALUES (2, 16);
INSERT INTO `pet_commands` VALUES (2, 24);
INSERT INTO `pet_commands` VALUES (2, 25);
INSERT INTO `pet_commands` VALUES (2, 26);
INSERT INTO `pet_commands` VALUES (3, 46);
INSERT INTO `pet_commands` VALUES (3, 0);
INSERT INTO `pet_commands` VALUES (3, 1);
INSERT INTO `pet_commands` VALUES (3, 14);
INSERT INTO `pet_commands` VALUES (3, 43);
INSERT INTO `pet_commands` VALUES (3, 2);
INSERT INTO `pet_commands` VALUES (3, 3);
INSERT INTO `pet_commands` VALUES (3, 17);
INSERT INTO `pet_commands` VALUES (3, 5);
INSERT INTO `pet_commands` VALUES (3, 6);
INSERT INTO `pet_commands` VALUES (3, 7);
INSERT INTO `pet_commands` VALUES (3, 8);
INSERT INTO `pet_commands` VALUES (3, 19);
INSERT INTO `pet_commands` VALUES (3, 10);
INSERT INTO `pet_commands` VALUES (3, 12);
INSERT INTO `pet_commands` VALUES (3, 13);
INSERT INTO `pet_commands` VALUES (3, 4);
INSERT INTO `pet_commands` VALUES (3, 15);
INSERT INTO `pet_commands` VALUES (3, 16);
INSERT INTO `pet_commands` VALUES (3, 24);
INSERT INTO `pet_commands` VALUES (3, 25);
INSERT INTO `pet_commands` VALUES (3, 26);
INSERT INTO `pet_commands` VALUES (4, 46);
INSERT INTO `pet_commands` VALUES (4, 0);
INSERT INTO `pet_commands` VALUES (4, 1);
INSERT INTO `pet_commands` VALUES (4, 14);
INSERT INTO `pet_commands` VALUES (4, 43);
INSERT INTO `pet_commands` VALUES (4, 2);
INSERT INTO `pet_commands` VALUES (4, 3);
INSERT INTO `pet_commands` VALUES (4, 17);
INSERT INTO `pet_commands` VALUES (4, 5);
INSERT INTO `pet_commands` VALUES (4, 6);
INSERT INTO `pet_commands` VALUES (4, 7);
INSERT INTO `pet_commands` VALUES (4, 8);
INSERT INTO `pet_commands` VALUES (4, 19);
INSERT INTO `pet_commands` VALUES (4, 10);
INSERT INTO `pet_commands` VALUES (4, 12);
INSERT INTO `pet_commands` VALUES (4, 13);
INSERT INTO `pet_commands` VALUES (4, 4);
INSERT INTO `pet_commands` VALUES (4, 15);
INSERT INTO `pet_commands` VALUES (4, 16);
INSERT INTO `pet_commands` VALUES (4, 24);
INSERT INTO `pet_commands` VALUES (4, 25);
INSERT INTO `pet_commands` VALUES (4, 26);
INSERT INTO `pet_commands` VALUES (5, 46);
INSERT INTO `pet_commands` VALUES (5, 0);
INSERT INTO `pet_commands` VALUES (5, 1);
INSERT INTO `pet_commands` VALUES (5, 14);
INSERT INTO `pet_commands` VALUES (5, 43);
INSERT INTO `pet_commands` VALUES (5, 2);
INSERT INTO `pet_commands` VALUES (5, 3);
INSERT INTO `pet_commands` VALUES (5, 17);
INSERT INTO `pet_commands` VALUES (5, 5);
INSERT INTO `pet_commands` VALUES (5, 6);
INSERT INTO `pet_commands` VALUES (5, 7);
INSERT INTO `pet_commands` VALUES (5, 8);
INSERT INTO `pet_commands` VALUES (5, 19);
INSERT INTO `pet_commands` VALUES (5, 10);
INSERT INTO `pet_commands` VALUES (5, 12);
INSERT INTO `pet_commands` VALUES (5, 13);
INSERT INTO `pet_commands` VALUES (5, 4);
INSERT INTO `pet_commands` VALUES (5, 15);
INSERT INTO `pet_commands` VALUES (5, 16);
INSERT INTO `pet_commands` VALUES (5, 24);
INSERT INTO `pet_commands` VALUES (5, 25);
INSERT INTO `pet_commands` VALUES (5, 26);
INSERT INTO `pet_commands` VALUES (6, 0);
INSERT INTO `pet_commands` VALUES (6, 1);
INSERT INTO `pet_commands` VALUES (6, 43);
INSERT INTO `pet_commands` VALUES (6, 2);
INSERT INTO `pet_commands` VALUES (6, 18);
INSERT INTO `pet_commands` VALUES (6, 4);
INSERT INTO `pet_commands` VALUES (6, 17);
INSERT INTO `pet_commands` VALUES (6, 5);
INSERT INTO `pet_commands` VALUES (6, 6);
INSERT INTO `pet_commands` VALUES (6, 7);
INSERT INTO `pet_commands` VALUES (6, 8);
INSERT INTO `pet_commands` VALUES (6, 10);
INSERT INTO `pet_commands` VALUES (6, 11);
INSERT INTO `pet_commands` VALUES (6, 12);
INSERT INTO `pet_commands` VALUES (6, 13);
INSERT INTO `pet_commands` VALUES (6, 15);
INSERT INTO `pet_commands` VALUES (6, 16);
INSERT INTO `pet_commands` VALUES (6, 24);
INSERT INTO `pet_commands` VALUES (6, 25);
INSERT INTO `pet_commands` VALUES (6, 26);
INSERT INTO `pet_commands` VALUES (7, 0);
INSERT INTO `pet_commands` VALUES (7, 1);
INSERT INTO `pet_commands` VALUES (7, 43);
INSERT INTO `pet_commands` VALUES (37, 2);
INSERT INTO `pet_commands` VALUES (7, 18);
INSERT INTO `pet_commands` VALUES (7, 4);
INSERT INTO `pet_commands` VALUES (7, 17);
INSERT INTO `pet_commands` VALUES (7, 5);
INSERT INTO `pet_commands` VALUES (7, 6);
INSERT INTO `pet_commands` VALUES (7, 7);
INSERT INTO `pet_commands` VALUES (7, 8);
INSERT INTO `pet_commands` VALUES (7, 10);
INSERT INTO `pet_commands` VALUES (7, 11);
INSERT INTO `pet_commands` VALUES (7, 12);
INSERT INTO `pet_commands` VALUES (7, 13);
INSERT INTO `pet_commands` VALUES (7, 15);
INSERT INTO `pet_commands` VALUES (7, 16);
INSERT INTO `pet_commands` VALUES (7, 24);
INSERT INTO `pet_commands` VALUES (7, 25);
INSERT INTO `pet_commands` VALUES (7, 26);
INSERT INTO `pet_commands` VALUES (8, 0);
INSERT INTO `pet_commands` VALUES (8, 20);
INSERT INTO `pet_commands` VALUES (8, 18);
INSERT INTO `pet_commands` VALUES (8, 17);
INSERT INTO `pet_commands` VALUES (8, 5);
INSERT INTO `pet_commands` VALUES (8, 6);
INSERT INTO `pet_commands` VALUES (8, 7);
INSERT INTO `pet_commands` VALUES (8, 23);
INSERT INTO `pet_commands` VALUES (8, 19);
INSERT INTO `pet_commands` VALUES (8, 10);
INSERT INTO `pet_commands` VALUES (8, 11);
INSERT INTO `pet_commands` VALUES (8, 24);
INSERT INTO `pet_commands` VALUES (8, 25);
INSERT INTO `pet_commands` VALUES (8, 26);
INSERT INTO `pet_commands` VALUES (8, 13);
INSERT INTO `pet_commands` VALUES (8, 14);
INSERT INTO `pet_commands` VALUES (8, 19);
INSERT INTO `pet_commands` VALUES (8, 20);
INSERT INTO `pet_commands` VALUES (8, 22);
INSERT INTO `pet_commands` VALUES (8, 21);
INSERT INTO `pet_commands` VALUES (8, 15);
INSERT INTO `pet_commands` VALUES (8, 16);
INSERT INTO `pet_commands` VALUES (9, 0);
INSERT INTO `pet_commands` VALUES (9, 14);
INSERT INTO `pet_commands` VALUES (9, 43);
INSERT INTO `pet_commands` VALUES (9, 18);
INSERT INTO `pet_commands` VALUES (9, 29);
INSERT INTO `pet_commands` VALUES (9, 2);
INSERT INTO `pet_commands` VALUES (9, 13);
INSERT INTO `pet_commands` VALUES (9, 6);
INSERT INTO `pet_commands` VALUES (9, 17);
INSERT INTO `pet_commands` VALUES (9, 5);
INSERT INTO `pet_commands` VALUES (9, 7);
INSERT INTO `pet_commands` VALUES (9, 8);
INSERT INTO `pet_commands` VALUES (9, 10);
INSERT INTO `pet_commands` VALUES (9, 11);
INSERT INTO `pet_commands` VALUES (9, 15);
INSERT INTO `pet_commands` VALUES (9, 16);
INSERT INTO `pet_commands` VALUES (9, 24);
INSERT INTO `pet_commands` VALUES (9, 25);
INSERT INTO `pet_commands` VALUES (9, 26);
INSERT INTO `pet_commands` VALUES (11, 0);
INSERT INTO `pet_commands` VALUES (11, 1);
INSERT INTO `pet_commands` VALUES (11, 2);
INSERT INTO `pet_commands` VALUES (11, 3);
INSERT INTO `pet_commands` VALUES (11, 6);
INSERT INTO `pet_commands` VALUES (11, 4);
INSERT INTO `pet_commands` VALUES (11, 28);
INSERT INTO `pet_commands` VALUES (11, 5);
INSERT INTO `pet_commands` VALUES (11, 30);
INSERT INTO `pet_commands` VALUES (11, 9);
INSERT INTO `pet_commands` VALUES (11, 7);
INSERT INTO `pet_commands` VALUES (11, 27);
INSERT INTO `pet_commands` VALUES (11, 13);
INSERT INTO `pet_commands` VALUES (11, 17);
INSERT INTO `pet_commands` VALUES (11, 29);
INSERT INTO `pet_commands` VALUES (11, 21);
INSERT INTO `pet_commands` VALUES (11, 15);
INSERT INTO `pet_commands` VALUES (11, 16);
INSERT INTO `pet_commands` VALUES (12, 0);
INSERT INTO `pet_commands` VALUES (12, 35);
INSERT INTO `pet_commands` VALUES (12, 5);
INSERT INTO `pet_commands` VALUES (12, 3);
INSERT INTO `pet_commands` VALUES (12, 36);
INSERT INTO `pet_commands` VALUES (12, 37);
INSERT INTO `pet_commands` VALUES (12, 38);
INSERT INTO `pet_commands` VALUES (12, 2);
INSERT INTO `pet_commands` VALUES (12, 6);
INSERT INTO `pet_commands` VALUES (12, 7);
INSERT INTO `pet_commands` VALUES (12, 40);
INSERT INTO `pet_commands` VALUES (12, 8);
INSERT INTO `pet_commands` VALUES (12, 19);
INSERT INTO `pet_commands` VALUES (12, 41);
INSERT INTO `pet_commands` VALUES (12, 10);
INSERT INTO `pet_commands` VALUES (12, 11);
INSERT INTO `pet_commands` VALUES (12, 12);
INSERT INTO `pet_commands` VALUES (12, 13);
INSERT INTO `pet_commands` VALUES (12, 14);
INSERT INTO `pet_commands` VALUES (12, 15);
INSERT INTO `pet_commands` VALUES (12, 16);
INSERT INTO `pet_commands` VALUES (12, 42);
INSERT INTO `pet_commands` VALUES (14, 0);
INSERT INTO `pet_commands` VALUES (14, 1);
INSERT INTO `pet_commands` VALUES (14, 43);
INSERT INTO `pet_commands` VALUES (14, 14);
INSERT INTO `pet_commands` VALUES (14, 3);
INSERT INTO `pet_commands` VALUES (14, 6);
INSERT INTO `pet_commands` VALUES (14, 4);
INSERT INTO `pet_commands` VALUES (14, 5);
INSERT INTO `pet_commands` VALUES (14, 2);
INSERT INTO `pet_commands` VALUES (14, 9);
INSERT INTO `pet_commands` VALUES (14, 7);
INSERT INTO `pet_commands` VALUES (14, 29);
INSERT INTO `pet_commands` VALUES (14, 10);
INSERT INTO `pet_commands` VALUES (14, 11);
INSERT INTO `pet_commands` VALUES (14, 21);
INSERT INTO `pet_commands` VALUES (14, 13);
INSERT INTO `pet_commands` VALUES (14, 15);
INSERT INTO `pet_commands` VALUES (14, 16);
INSERT INTO `pet_commands` VALUES (15, 0);
INSERT INTO `pet_commands` VALUES (15, 14);
INSERT INTO `pet_commands` VALUES (15, 43);
INSERT INTO `pet_commands` VALUES (15, 44);
INSERT INTO `pet_commands` VALUES (15, 2);
INSERT INTO `pet_commands` VALUES (15, 3);
INSERT INTO `pet_commands` VALUES (15, 6);
INSERT INTO `pet_commands` VALUES (15, 7);
INSERT INTO `pet_commands` VALUES (15, 10);
INSERT INTO `pet_commands` VALUES (15, 12);
INSERT INTO `pet_commands` VALUES (15, 11);
INSERT INTO `pet_commands` VALUES (15, 15);
INSERT INTO `pet_commands` VALUES (15, 16);
INSERT INTO `pet_commands` VALUES (15, 24);
INSERT INTO `pet_commands` VALUES (15, 25);
INSERT INTO `pet_commands` VALUES (15, 26);
INSERT INTO `pet_commands` VALUES (15, 45);
INSERT INTO `pet_commands` VALUES (33, 0);
INSERT INTO `pet_commands` VALUES (33, 1);
INSERT INTO `pet_commands` VALUES (33, 14);
INSERT INTO `pet_commands` VALUES (33, 43);
INSERT INTO `pet_commands` VALUES (33, 6);
INSERT INTO `pet_commands` VALUES (33, 13);
INSERT INTO `pet_commands` VALUES (33, 3);
INSERT INTO `pet_commands` VALUES (33, 17);
INSERT INTO `pet_commands` VALUES (33, 2);
INSERT INTO `pet_commands` VALUES (33, 10);
INSERT INTO `pet_commands` VALUES (33, 8);
INSERT INTO `pet_commands` VALUES (33, 12);
INSERT INTO `pet_commands` VALUES (33, 7);
INSERT INTO `pet_commands` VALUES (33, 16);
INSERT INTO `pet_commands` VALUES (33, 15);
INSERT INTO `pet_commands` VALUES (33, 25);
INSERT INTO `pet_commands` VALUES (33, 26);
INSERT INTO `pet_commands` VALUES (34, 0);
INSERT INTO `pet_commands` VALUES (34, 1);
INSERT INTO `pet_commands` VALUES (34, 14);
INSERT INTO `pet_commands` VALUES (34, 43);
INSERT INTO `pet_commands` VALUES (34, 6);
INSERT INTO `pet_commands` VALUES (34, 13);
INSERT INTO `pet_commands` VALUES (34, 3);
INSERT INTO `pet_commands` VALUES (34, 17);
INSERT INTO `pet_commands` VALUES (34, 2);
INSERT INTO `pet_commands` VALUES (34, 10);
INSERT INTO `pet_commands` VALUES (34, 8);
INSERT INTO `pet_commands` VALUES (34, 12);
INSERT INTO `pet_commands` VALUES (34, 7);
INSERT INTO `pet_commands` VALUES (34, 16);
INSERT INTO `pet_commands` VALUES (34, 15);
INSERT INTO `pet_commands` VALUES (34, 25);
INSERT INTO `pet_commands` VALUES (34, 26);
INSERT INTO `pet_commands` VALUES (17, 0);
INSERT INTO `pet_commands` VALUES (17, 2);
INSERT INTO `pet_commands` VALUES (17, 3);
INSERT INTO `pet_commands` VALUES (17, 6);
INSERT INTO `pet_commands` VALUES (17, 11);
INSERT INTO `pet_commands` VALUES (17, 17);
INSERT INTO `pet_commands` VALUES (17, 15);
INSERT INTO `pet_commands` VALUES (17, 16);
INSERT INTO `pet_commands` VALUES (18, 0);
INSERT INTO `pet_commands` VALUES (18, 2);
INSERT INTO `pet_commands` VALUES (18, 3);
INSERT INTO `pet_commands` VALUES (18, 6);
INSERT INTO `pet_commands` VALUES (18, 11);
INSERT INTO `pet_commands` VALUES (18, 17);
INSERT INTO `pet_commands` VALUES (18, 15);
INSERT INTO `pet_commands` VALUES (18, 16);
INSERT INTO `pet_commands` VALUES (19, 16);
INSERT INTO `pet_commands` VALUES (19, 2);
INSERT INTO `pet_commands` VALUES (19, 3);
INSERT INTO `pet_commands` VALUES (19, 6);
INSERT INTO `pet_commands` VALUES (19, 11);
INSERT INTO `pet_commands` VALUES (19, 17);
INSERT INTO `pet_commands` VALUES (19, 15);
INSERT INTO `pet_commands` VALUES (19, 0);
INSERT INTO `pet_commands` VALUES (20, 0);
INSERT INTO `pet_commands` VALUES (20, 3);
INSERT INTO `pet_commands` VALUES (20, 6);
INSERT INTO `pet_commands` VALUES (20, 11);
INSERT INTO `pet_commands` VALUES (20, 17);
INSERT INTO `pet_commands` VALUES (20, 15);
INSERT INTO `pet_commands` VALUES (20, 16);
INSERT INTO `pet_commands` VALUES (21, 0);
INSERT INTO `pet_commands` VALUES (21, 1);
INSERT INTO `pet_commands` VALUES (21, 2);
INSERT INTO `pet_commands` VALUES (21, 3);
INSERT INTO `pet_commands` VALUES (21, 10);
INSERT INTO `pet_commands` VALUES (21, 5);
INSERT INTO `pet_commands` VALUES (21, 9);
INSERT INTO `pet_commands` VALUES (21, 7);
INSERT INTO `pet_commands` VALUES (21, 11);
INSERT INTO `pet_commands` VALUES (21, 13);
INSERT INTO `pet_commands` VALUES (21, 15);
INSERT INTO `pet_commands` VALUES (21, 16);
INSERT INTO `pet_commands` VALUES (21, 34);
INSERT INTO `pet_commands` VALUES (21, 32);
INSERT INTO `pet_commands` VALUES (21, 33);
INSERT INTO `pet_commands` VALUES (22, 0);
INSERT INTO `pet_commands` VALUES (22, 1);
INSERT INTO `pet_commands` VALUES (22, 2);
INSERT INTO `pet_commands` VALUES (22, 3);
INSERT INTO `pet_commands` VALUES (22, 10);
INSERT INTO `pet_commands` VALUES (22, 5);
INSERT INTO `pet_commands` VALUES (22, 9);
INSERT INTO `pet_commands` VALUES (22, 7);
INSERT INTO `pet_commands` VALUES (22, 11);
INSERT INTO `pet_commands` VALUES (22, 13);
INSERT INTO `pet_commands` VALUES (22, 15);
INSERT INTO `pet_commands` VALUES (22, 16);
INSERT INTO `pet_commands` VALUES (22, 34);
INSERT INTO `pet_commands` VALUES (22, 32);
INSERT INTO `pet_commands` VALUES (22, 33);
INSERT INTO `pet_commands` VALUES (24, 0);
INSERT INTO `pet_commands` VALUES (24, 1);
INSERT INTO `pet_commands` VALUES (24, 14);
INSERT INTO `pet_commands` VALUES (24, 43);
INSERT INTO `pet_commands` VALUES (24, 2);
INSERT INTO `pet_commands` VALUES (24, 3);
INSERT INTO `pet_commands` VALUES (24, 4);
INSERT INTO `pet_commands` VALUES (24, 17);
INSERT INTO `pet_commands` VALUES (24, 6);
INSERT INTO `pet_commands` VALUES (24, 7);
INSERT INTO `pet_commands` VALUES (24, 8);
INSERT INTO `pet_commands` VALUES (24, 10);
INSERT INTO `pet_commands` VALUES (24, 11);
INSERT INTO `pet_commands` VALUES (24, 12);
INSERT INTO `pet_commands` VALUES (24, 13);
INSERT INTO `pet_commands` VALUES (24, 15);
INSERT INTO `pet_commands` VALUES (24, 16);
INSERT INTO `pet_commands` VALUES (24, 25);
INSERT INTO `pet_commands` VALUES (24, 26);
INSERT INTO `pet_commands` VALUES (25, 0);
INSERT INTO `pet_commands` VALUES (25, 1);
INSERT INTO `pet_commands` VALUES (25, 14);
INSERT INTO `pet_commands` VALUES (25, 43);
INSERT INTO `pet_commands` VALUES (25, 2);
INSERT INTO `pet_commands` VALUES (25, 3);
INSERT INTO `pet_commands` VALUES (25, 17);
INSERT INTO `pet_commands` VALUES (25, 5);
INSERT INTO `pet_commands` VALUES (25, 6);
INSERT INTO `pet_commands` VALUES (25, 7);
INSERT INTO `pet_commands` VALUES (25, 8);
INSERT INTO `pet_commands` VALUES (25, 9);
INSERT INTO `pet_commands` VALUES (25, 10);
INSERT INTO `pet_commands` VALUES (25, 11);
INSERT INTO `pet_commands` VALUES (25, 12);
INSERT INTO `pet_commands` VALUES (25, 13);
INSERT INTO `pet_commands` VALUES (25, 15);
INSERT INTO `pet_commands` VALUES (25, 16);
INSERT INTO `pet_commands` VALUES (25, 25);
INSERT INTO `pet_commands` VALUES (25, 26);
INSERT INTO `pet_commands` VALUES (26, 0);
INSERT INTO `pet_commands` VALUES (26, 1);
INSERT INTO `pet_commands` VALUES (26, 14);
INSERT INTO `pet_commands` VALUES (26, 43);
INSERT INTO `pet_commands` VALUES (26, 6);
INSERT INTO `pet_commands` VALUES (26, 13);
INSERT INTO `pet_commands` VALUES (26, 3);
INSERT INTO `pet_commands` VALUES (26, 2);
INSERT INTO `pet_commands` VALUES (26, 4);
INSERT INTO `pet_commands` VALUES (26, 8);
INSERT INTO `pet_commands` VALUES (26, 7);
INSERT INTO `pet_commands` VALUES (26, 16);
INSERT INTO `pet_commands` VALUES (26, 15);
INSERT INTO `pet_commands` VALUES (26, 17);
INSERT INTO `pet_commands` VALUES (26, 25);
INSERT INTO `pet_commands` VALUES (26, 26);
INSERT INTO `pet_commands` VALUES (27, 0);
INSERT INTO `pet_commands` VALUES (27, 1);
INSERT INTO `pet_commands` VALUES (27, 14);
INSERT INTO `pet_commands` VALUES (27, 43);
INSERT INTO `pet_commands` VALUES (27, 6);
INSERT INTO `pet_commands` VALUES (27, 13);
INSERT INTO `pet_commands` VALUES (27, 3);
INSERT INTO `pet_commands` VALUES (27, 2);
INSERT INTO `pet_commands` VALUES (27, 4);
INSERT INTO `pet_commands` VALUES (27, 8);
INSERT INTO `pet_commands` VALUES (27, 7);
INSERT INTO `pet_commands` VALUES (27, 16);
INSERT INTO `pet_commands` VALUES (27, 15);
INSERT INTO `pet_commands` VALUES (27, 17);
INSERT INTO `pet_commands` VALUES (27, 25);
INSERT INTO `pet_commands` VALUES (27, 26);
INSERT INTO `pet_commands` VALUES (28, 0);
INSERT INTO `pet_commands` VALUES (28, 1);
INSERT INTO `pet_commands` VALUES (28, 14);
INSERT INTO `pet_commands` VALUES (28, 43);
INSERT INTO `pet_commands` VALUES (28, 2);
INSERT INTO `pet_commands` VALUES (28, 3);
INSERT INTO `pet_commands` VALUES (28, 4);
INSERT INTO `pet_commands` VALUES (28, 17);
INSERT INTO `pet_commands` VALUES (28, 6);
INSERT INTO `pet_commands` VALUES (28, 7);
INSERT INTO `pet_commands` VALUES (28, 8);
INSERT INTO `pet_commands` VALUES (28, 11);
INSERT INTO `pet_commands` VALUES (28, 13);
INSERT INTO `pet_commands` VALUES (28, 12);
INSERT INTO `pet_commands` VALUES (28, 15);
INSERT INTO `pet_commands` VALUES (28, 16);
INSERT INTO `pet_commands` VALUES (28, 24);
INSERT INTO `pet_commands` VALUES (28, 25);
INSERT INTO `pet_commands` VALUES (28, 26);
INSERT INTO `pet_commands` VALUES (29, 0);
INSERT INTO `pet_commands` VALUES (29, 1);
INSERT INTO `pet_commands` VALUES (29, 14);
INSERT INTO `pet_commands` VALUES (29, 43);
INSERT INTO `pet_commands` VALUES (29, 2);
INSERT INTO `pet_commands` VALUES (29, 3);
INSERT INTO `pet_commands` VALUES (29, 4);
INSERT INTO `pet_commands` VALUES (29, 17);
INSERT INTO `pet_commands` VALUES (29, 6);
INSERT INTO `pet_commands` VALUES (29, 7);
INSERT INTO `pet_commands` VALUES (29, 11);
INSERT INTO `pet_commands` VALUES (29, 13);
INSERT INTO `pet_commands` VALUES (29, 15);
INSERT INTO `pet_commands` VALUES (29, 16);
INSERT INTO `pet_commands` VALUES (29, 24);
INSERT INTO `pet_commands` VALUES (29, 25);
INSERT INTO `pet_commands` VALUES (29, 26);
INSERT INTO `pet_commands` VALUES (30, 0);
INSERT INTO `pet_commands` VALUES (30, 1);
INSERT INTO `pet_commands` VALUES (30, 14);
INSERT INTO `pet_commands` VALUES (30, 43);
INSERT INTO `pet_commands` VALUES (30, 2);
INSERT INTO `pet_commands` VALUES (30, 3);
INSERT INTO `pet_commands` VALUES (30, 4);
INSERT INTO `pet_commands` VALUES (30, 11);
INSERT INTO `pet_commands` VALUES (30, 17);
INSERT INTO `pet_commands` VALUES (30, 6);
INSERT INTO `pet_commands` VALUES (30, 7);
INSERT INTO `pet_commands` VALUES (30, 8);
INSERT INTO `pet_commands` VALUES (30, 10);
INSERT INTO `pet_commands` VALUES (30, 12);
INSERT INTO `pet_commands` VALUES (30, 13);
INSERT INTO `pet_commands` VALUES (30, 15);
INSERT INTO `pet_commands` VALUES (30, 16);
INSERT INTO `pet_commands` VALUES (30, 25);
INSERT INTO `pet_commands` VALUES (30, 26);
INSERT INTO `pet_commands` VALUES (31, 0);
INSERT INTO `pet_commands` VALUES (31, 1);
INSERT INTO `pet_commands` VALUES (31, 14);
INSERT INTO `pet_commands` VALUES (31, 43);
INSERT INTO `pet_commands` VALUES (31, 6);
INSERT INTO `pet_commands` VALUES (31, 13);
INSERT INTO `pet_commands` VALUES (31, 3);
INSERT INTO `pet_commands` VALUES (31, 2);
INSERT INTO `pet_commands` VALUES (31, 4);
INSERT INTO `pet_commands` VALUES (31, 8);
INSERT INTO `pet_commands` VALUES (31, 7);
INSERT INTO `pet_commands` VALUES (31, 16);
INSERT INTO `pet_commands` VALUES (31, 15);
INSERT INTO `pet_commands` VALUES (31, 17);
INSERT INTO `pet_commands` VALUES (31, 25);
INSERT INTO `pet_commands` VALUES (31, 26);
INSERT INTO `pet_commands` VALUES (35, 34);
INSERT INTO `pet_commands` VALUES (35, 14);
INSERT INTO `pet_commands` VALUES (35, 6);
INSERT INTO `pet_commands` VALUES (35, 0);
INSERT INTO `pet_commands` VALUES (35, 3);
INSERT INTO `pet_commands` VALUES (35, 30);
INSERT INTO `pet_commands` VALUES (35, 27);
INSERT INTO `pet_commands` VALUES (35, 4);
INSERT INTO `pet_commands` VALUES (35, 2);
INSERT INTO `pet_commands` VALUES (35, 13);
INSERT INTO `pet_commands` VALUES (35, 7);
INSERT INTO `pet_commands` VALUES (35, 15);
INSERT INTO `pet_commands` VALUES (35, 16);
INSERT INTO `pet_commands` VALUES (35, 25);
INSERT INTO `pet_commands` VALUES (35, 26);
INSERT INTO `pet_commands` VALUES (23, 0);
INSERT INTO `pet_commands` VALUES (23, 1);
INSERT INTO `pet_commands` VALUES (23, 43);
INSERT INTO `pet_commands` VALUES (23, 14);
INSERT INTO `pet_commands` VALUES (23, 3);
INSERT INTO `pet_commands` VALUES (23, 6);
INSERT INTO `pet_commands` VALUES (23, 4);
INSERT INTO `pet_commands` VALUES (23, 5);
INSERT INTO `pet_commands` VALUES (23, 2);
INSERT INTO `pet_commands` VALUES (23, 19);
INSERT INTO `pet_commands` VALUES (23, 7);
INSERT INTO `pet_commands` VALUES (23, 29);
INSERT INTO `pet_commands` VALUES (23, 10);
INSERT INTO `pet_commands` VALUES (23, 11);
INSERT INTO `pet_commands` VALUES (23, 31);
INSERT INTO `pet_commands` VALUES (23, 13);
INSERT INTO `pet_commands` VALUES (23, 15);
INSERT INTO `pet_commands` VALUES (23, 16);
INSERT INTO `pet_commands` VALUES (23, 27);
INSERT INTO `pet_commands` VALUES (20, 2);
INSERT INTO `pet_commands` VALUES (36, 1);
INSERT INTO `pet_commands` VALUES (36, 2);
INSERT INTO `pet_commands` VALUES (36, 3);
INSERT INTO `pet_commands` VALUES (36, 4);
INSERT INTO `pet_commands` VALUES (36, 5);
INSERT INTO `pet_commands` VALUES (36, 6);
INSERT INTO `pet_commands` VALUES (36, 7);
INSERT INTO `pet_commands` VALUES (36, 8);
INSERT INTO `pet_commands` VALUES (36, 9);
INSERT INTO `pet_commands` VALUES (36, 10);
INSERT INTO `pet_commands` VALUES (36, 46);
INSERT INTO `pet_commands` VALUES (36, 45);
INSERT INTO `pet_commands` VALUES (37, 1);
INSERT INTO `pet_commands` VALUES (7, 2);
INSERT INTO `pet_commands` VALUES (37, 3);
INSERT INTO `pet_commands` VALUES (37, 40);
INSERT INTO `pet_commands` VALUES (37, 32);
INSERT INTO `pet_commands` VALUES (37, 12);
INSERT INTO `pet_commands` VALUES (37, 13);
INSERT INTO `pet_commands` VALUES (37, 5);
INSERT INTO `pet_commands` VALUES (37, 7);
INSERT INTO `pet_commands` VALUES (38, 1);
INSERT INTO `pet_commands` VALUES (38, 2);
INSERT INTO `pet_commands` VALUES (38, 3);

-- ----------------------------
-- Table structure for pet_commands_data
-- ----------------------------
DROP TABLE IF EXISTS `pet_commands_data`;
CREATE TABLE `pet_commands_data`  (
                                      `command_id` int NOT NULL,
                                      `text` varchar(15) CHARACTER SET latin1 COLLATE latin1_swedish_ci NOT NULL,
                                      `required_level` int NOT NULL,
                                      `reward_xp` int NOT NULL DEFAULT 5,
                                      `cost_happiness` int NULL DEFAULT NULL,
                                      `cost_energy` int NOT NULL DEFAULT 0,
                                      PRIMARY KEY (`command_id`) USING BTREE
) ENGINE = MyISAM CHARACTER SET = latin1 COLLATE = latin1_swedish_ci ROW_FORMAT = DYNAMIC;

-- ----------------------------
-- Records of pet_commands_data
-- ----------------------------
INSERT INTO `pet_commands_data` VALUES (0, 'Free', 1, 5, 0, 0);
INSERT INTO `pet_commands_data` VALUES (1, 'Sit', 1, 5, 0, 0);
INSERT INTO `pet_commands_data` VALUES (2, 'Down', 2, 10, 0, 0);
INSERT INTO `pet_commands_data` VALUES (3, 'Here', 2, 10, 0, 0);
INSERT INTO `pet_commands_data` VALUES (4, 'Beg', 2, 10, 0, 0);
INSERT INTO `pet_commands_data` VALUES (5, 'Play Dead', 3, 15, 0, 0);
INSERT INTO `pet_commands_data` VALUES (6, 'Stay', 4, 10, 0, 0);
INSERT INTO `pet_commands_data` VALUES (7, 'Follow', 5, 15, 0, 0);
INSERT INTO `pet_commands_data` VALUES (8, 'Stand', 6, 15, 0, 0);
INSERT INTO `pet_commands_data` VALUES (9, 'Jump', 6, 15, 0, 0);
INSERT INTO `pet_commands_data` VALUES (10, 'Speak', 7, 10, 0, 0);
INSERT INTO `pet_commands_data` VALUES (11, 'Play', 8, 5, 0, 0);
INSERT INTO `pet_commands_data` VALUES (12, 'Silent', 8, 5, 0, 0);
INSERT INTO `pet_commands_data` VALUES (13, 'Nest', 5, 5, 0, 0);
INSERT INTO `pet_commands_data` VALUES (14, 'Drink', 4, 5, 0, 0);
INSERT INTO `pet_commands_data` VALUES (15, 'Follow left', 15, 15, 0, 0);
INSERT INTO `pet_commands_data` VALUES (16, 'Follow right', 15, 15, 0, 0);
INSERT INTO `pet_commands_data` VALUES (17, 'Play football', 10, 5, 0, 0);
INSERT INTO `pet_commands_data` VALUES (18, 'Come here', 9, 5, 0, 0);
INSERT INTO `pet_commands_data` VALUES (19, 'Bounce', 9, 5, 0, 0);
INSERT INTO `pet_commands_data` VALUES (20, 'Flat', 11, 5, 0, 0);
INSERT INTO `pet_commands_data` VALUES (21, 'Dance', 12, 5, 0, 0);
INSERT INTO `pet_commands_data` VALUES (22, 'Spin', 10, 5, 0, 0);
INSERT INTO `pet_commands_data` VALUES (23, 'Switch TV', 12, 5, 0, 0);
INSERT INTO `pet_commands_data` VALUES (24, 'Move forward', 17, 5, 0, 0);
INSERT INTO `pet_commands_data` VALUES (25, 'Turn left', 18, 5, 0, 0);
INSERT INTO `pet_commands_data` VALUES (26, 'Turn right', 18, 5, 0, 0);
INSERT INTO `pet_commands_data` VALUES (27, 'Relax', 13, 5, 0, 0);
INSERT INTO `pet_commands_data` VALUES (28, 'Croak', 14, 5, 0, 0);
INSERT INTO `pet_commands_data` VALUES (29, 'Dip', 14, 5, 0, 0);
INSERT INTO `pet_commands_data` VALUES (30, 'Wave', 5, 5, 0, 0);
INSERT INTO `pet_commands_data` VALUES (31, 'Mambo!', 18, 5, 0, 0);
INSERT INTO `pet_commands_data` VALUES (32, 'High jump', 18, 5, 0, 0);
INSERT INTO `pet_commands_data` VALUES (33, 'Chicken dance', 7, 5, 0, 0);
INSERT INTO `pet_commands_data` VALUES (34, 'Triple jump', 9, 5, 0, 0);
INSERT INTO `pet_commands_data` VALUES (35, 'Spread wings', 8, 5, 0, 0);
INSERT INTO `pet_commands_data` VALUES (36, 'Breathe fire', 10, 5, 0, 0);
INSERT INTO `pet_commands_data` VALUES (37, 'Hang', 12, 5, 0, 0);
INSERT INTO `pet_commands_data` VALUES (38, 'Torch', 6, 5, 0, 0);
INSERT INTO `pet_commands_data` VALUES (40, 'Swing', 13, 5, 0, 0);
INSERT INTO `pet_commands_data` VALUES (41, 'Roll', 10, 5, 0, 0);
INSERT INTO `pet_commands_data` VALUES (42, 'Ring of fire', 20, 5, 0, 0);
INSERT INTO `pet_commands_data` VALUES (43, 'Eat', 4, 5, 0, 0);
INSERT INTO `pet_commands_data` VALUES (44, 'Wag Tail', 4, 5, 0, 0);
INSERT INTO `pet_commands_data` VALUES (45, 'Count', 6, 5, 0, 0);
INSERT INTO `pet_commands_data` VALUES (46, 'Breed', 20, 5, 0, 0);

-- ----------------------------
-- Table structure for pet_drinks
-- ----------------------------
DROP TABLE IF EXISTS `pet_drinks`;
CREATE TABLE `pet_drinks`  (
                               `pet_id` int NOT NULL DEFAULT 0 COMMENT 'Leave 0 to have it affect all pet types.',
                               `item_id` int NOT NULL
) ENGINE = MyISAM CHARACTER SET = latin1 COLLATE = latin1_swedish_ci ROW_FORMAT = FIXED;

-- ----------------------------
-- Records of pet_drinks
-- ----------------------------

-- ----------------------------
-- Table structure for pet_foods
-- ----------------------------
DROP TABLE IF EXISTS `pet_foods`;
CREATE TABLE `pet_foods`  (
                              `pet_id` int NOT NULL DEFAULT 0 COMMENT 'Leave 0 to have it affect all pet types.',
                              `item_id` int NOT NULL
) ENGINE = MyISAM CHARACTER SET = latin1 COLLATE = latin1_swedish_ci ROW_FORMAT = FIXED;

-- ----------------------------
-- Records of pet_foods
-- ----------------------------

-- ----------------------------
-- Table structure for pet_items
-- ----------------------------
DROP TABLE IF EXISTS `pet_items`;
CREATE TABLE `pet_items`  (
                              `pet_id` int NOT NULL COMMENT 'Leave 0 to have it affect all pet types.',
                              `item_id` int NOT NULL COMMENT 'Item id of a item having one of the following interactions: nest, pet_food, pet_drink'
) ENGINE = MyISAM CHARACTER SET = latin1 COLLATE = latin1_swedish_ci ROW_FORMAT = FIXED;

-- ----------------------------
-- Records of pet_items
-- ----------------------------
INSERT INTO `pet_items` VALUES (36, 15000);

-- ----------------------------
-- Table structure for pet_vocals
-- ----------------------------
DROP TABLE IF EXISTS `pet_vocals`;
CREATE TABLE `pet_vocals`  (
                               `pet_id` int NOT NULL DEFAULT 0 COMMENT 'Leave 0 to have it apply to all pet types.',
                               `type` enum('DISOBEY','DRINKING','EATING','GENERIC_HAPPY','GENERIC_NEUTRAL','GENERIC_SAD','GREET_OWNER','HUNGRY','LEVEL_UP','MUTED','PLAYFUL','SLEEPING','THIRSTY','TIRED','UNKNOWN_COMMAND') CHARACTER SET utf8mb4 COLLATE utf8mb4_unicode_ci NOT NULL DEFAULT 'GENERIC_HAPPY',
                               `message` varchar(200) CHARACTER SET utf8mb4 COLLATE utf8mb4_unicode_ci NOT NULL
) ENGINE = InnoDB CHARACTER SET = utf8mb4 COLLATE = utf8mb4_unicode_ci ROW_FORMAT = DYNAMIC;

-- ----------------------------
-- Records of pet_vocals
-- ----------------------------
INSERT INTO `pet_vocals` VALUES (15, 'DISOBEY', 'Nay. (Geddit?)');
INSERT INTO `pet_vocals` VALUES (15, 'DISOBEY', 'I wish I could do as you ask, but I cannot.');
INSERT INTO `pet_vocals` VALUES (15, 'DISOBEY', 'Leave me alone.');
INSERT INTO `pet_vocals` VALUES (15, 'GENERIC_HAPPY', '*Happu*');
INSERT INTO `pet_vocals` VALUES (15, 'GENERIC_HAPPY', ':)');
INSERT INTO `pet_vocals` VALUES (15, 'GENERIC_HAPPY', 'I think I\'m happy, but it could be gas.');
INSERT INTO `pet_vocals` VALUES (15, 'GENERIC_NEUTRAL', 'How are you today?');
INSERT INTO `pet_vocals` VALUES (15, 'GENERIC_NEUTRAL', 'Hello!');
INSERT INTO `pet_vocals` VALUES (15, 'GENERIC_NEUTRAL', 'Bah....');
INSERT INTO `pet_vocals` VALUES (15, 'GENERIC_SAD', '*Sad*');
INSERT INTO `pet_vocals` VALUES (15, 'GENERIC_SAD', 'I don\'t feel myself today :(');
INSERT INTO `pet_vocals` VALUES (15, 'GREET_OWNER', 'Fantastic to see you today!');
INSERT INTO `pet_vocals` VALUES (15, 'GREET_OWNER', 'Hello');
INSERT INTO `pet_vocals` VALUES (15, 'HUNGRY', 'I\'m starving!');
INSERT INTO `pet_vocals` VALUES (15, 'LEVEL_UP', 'I just leveled up!');
INSERT INTO `pet_vocals` VALUES (15, 'MUTED', '*silencio*');
INSERT INTO `pet_vocals` VALUES (15, 'PLAYFUL', 'Let\'s do something fun today, like staring at a wall.');
INSERT INTO `pet_vocals` VALUES (15, 'PLAYFUL', 'So bored.');
INSERT INTO `pet_vocals` VALUES (15, 'SLEEPING', 'Zzzz.... Marston!');
INSERT INTO `pet_vocals` VALUES (15, 'SLEEPING', 'Zzzz.... Marston!');
INSERT INTO `pet_vocals` VALUES (15, 'SLEEPING', 'Zzzz... I have a heart that can never be tamed...');
INSERT INTO `pet_vocals` VALUES (15, 'THIRSTY', 'I\'m thirsty!');
INSERT INTO `pet_vocals` VALUES (15, 'TIRED', 'I\'m so tired!');
INSERT INTO `pet_vocals` VALUES (15, 'UNKNOWN_COMMAND', 'I\'m sorry, I don\'t understand!');
INSERT INTO `pet_vocals` VALUES (15, 'UNKNOWN_COMMAND', 'Whatever, speak English if you want me to do something.');
INSERT INTO `pet_vocals` VALUES (15, 'DRINKING', 'Ah, that\'s the good stuff.');
INSERT INTO `pet_vocals` VALUES (15, 'EATING', 'This is delicious!');
INSERT INTO `pet_vocals` VALUES (35, 'DISOBEY', 'Well, I could do that. BUT, I just don\'t feel like it.');
INSERT INTO `pet_vocals` VALUES (35, 'DISOBEY', 'You\'re repeating yourself.');
INSERT INTO `pet_vocals` VALUES (35, 'DISOBEY', 'To do that would compromise my basic morals. Sorry, but no.');
INSERT INTO `pet_vocals` VALUES (35, 'GENERIC_HAPPY', 'Today is a good day. Today is great.');
INSERT INTO `pet_vocals` VALUES (35, 'GENERIC_HAPPY', 'With all the world\'s chaos, it takes effort to see the good. Remember that it\'s possible!');
INSERT INTO `pet_vocals` VALUES (35, 'GENERIC_HAPPY', 'I\'m glad I took that yoga class this morning: I\'m feeling great right now.');
INSERT INTO `pet_vocals` VALUES (35, 'GENERIC_NEUTRAL', 'There is always some madness in love. But there is also always some reason in madness.');
INSERT INTO `pet_vocals` VALUES (35, 'GENERIC_NEUTRAL', 'Cows need love too.');
INSERT INTO `pet_vocals` VALUES (35, 'GENERIC_NEUTRAL', 'New York? London? Paris? Tokyo? Give me Kathmandu any day.');
INSERT INTO `pet_vocals` VALUES (35, 'GENERIC_SAD', 'I\'m trying to see the light, but today I can only see the dark.');
INSERT INTO `pet_vocals` VALUES (35, 'GENERIC_SAD', 'I\'m feeling blue today... come back tomorrow.');
INSERT INTO `pet_vocals` VALUES (35, 'GREET_OWNER', 'Greetings. Did you bring that kale smoothie I asked for?');
INSERT INTO `pet_vocals` VALUES (35, 'GREET_OWNER', 'Hello again. Did you read that Zen Mind book I lent you?');
INSERT INTO `pet_vocals` VALUES (35, 'GREET_OWNER', 'Hello. You\'re looking... enlightened today, may I say.');
INSERT INTO `pet_vocals` VALUES (35, 'HUNGRY', 'I\'m hungry, as opposed to starving.');
INSERT INTO `pet_vocals` VALUES (35, 'HUNGRY', 'I haven\'t eaten all day. Help.');
INSERT INTO `pet_vocals` VALUES (35, 'HUNGRY', 'Hey, I could really do with some food, comrade.');
INSERT INTO `pet_vocals` VALUES (35, 'HUNGRY', 'In my opinon, vegetarians should reconsider eating cheese or drinking milk.');
INSERT INTO `pet_vocals` VALUES (35, 'LEVEL_UP', '*DING* I\'m on the up.');
INSERT INTO `pet_vocals` VALUES (35, 'LEVEL_UP', '*DING* Another level, done.');
INSERT INTO `pet_vocals` VALUES (35, 'LEVEL_UP', '*DING* I just advanced another level. But what does that MEAN?');
INSERT INTO `pet_vocals` VALUES (35, 'LEVEL_UP', '*DING* Another level. Are you proud?');
INSERT INTO `pet_vocals` VALUES (35, 'MUTED', 'I could honestly not care less if I\'m muted. I\'ll be right here listening to my jungle tape packs.');
INSERT INTO `pet_vocals` VALUES (35, 'PLAYFUL', 'You should really check out this Artificial Intelligence podcast I\'m listening to.');
INSERT INTO `pet_vocals` VALUES (35, 'PLAYFUL', 'Did you know the observable universe has more than 100 BILLION galaxies?');
INSERT INTO `pet_vocals` VALUES (35, 'SLEEPING', '*Dreams of electric sheep*');
INSERT INTO `pet_vocals` VALUES (35, 'SLEEPING', '*zzZZzz..zz..zzZZzz*');
INSERT INTO `pet_vocals` VALUES (35, 'SLEEPING', '*Rolls over and has a mouthful of grass mid-sleep*');
INSERT INTO `pet_vocals` VALUES (35, 'THIRSTY', 'You can lead a cow to water, and it\'ll ALWAYS drink.');
INSERT INTO `pet_vocals` VALUES (35, 'THIRSTY', '97% of the world\'s water is salty or otherwise undrinkable. By the way, I\'m thirsty.');
INSERT INTO `pet_vocals` VALUES (35, 'THIRSTY', 'Would you do me a COLOSSAL favour and get me a drink?');
INSERT INTO `pet_vocals` VALUES (35, 'TIRED', 'That existentialism debate has absolutely destroyed me. Good night.');
INSERT INTO `pet_vocals` VALUES (35, 'TIRED', 'Time for me to shut down for the day, dear friend.');
INSERT INTO `pet_vocals` VALUES (35, 'TIRED', 'Time to sleep - one of my favourite phrases.');
INSERT INTO `pet_vocals` VALUES (35, 'UNKNOWN_COMMAND', 'So. You\'re going to need to explain that a bit better...');
INSERT INTO `pet_vocals` VALUES (35, 'UNKNOWN_COMMAND', 'Sorry, I don\'t understand. Repeat.');
INSERT INTO `pet_vocals` VALUES (35, 'DRINKING', 'Drinking water after an entire day eating grass is simply heavenly.');
INSERT INTO `pet_vocals` VALUES (35, 'DRINKING', '*Gulp* ..if it wasn\'t for water.. *Gulp* ..life wouldn\'t exist on this planet..');
INSERT INTO `pet_vocals` VALUES (35, 'EATING', 'Veganism isn\'t just for Christmas. Veganism is for life.');
INSERT INTO `pet_vocals` VALUES (35, 'EATING', '*Crunch* I just ADORE meal times. *Crunch*');
INSERT INTO `pet_vocals` VALUES (35, 'EATING', 'Mmmm. Healthy. *Crunch*');
INSERT INTO `pet_vocals` VALUES (0, 'DISOBEY', '*looks up*');
INSERT INTO `pet_vocals` VALUES (0, 'DISOBEY', '*growls*');
INSERT INTO `pet_vocals` VALUES (0, 'DISOBEY', '*whispers softly to himself*');
INSERT INTO `pet_vocals` VALUES (0, 'DRINKING', '*drinks like crazy*');
INSERT INTO `pet_vocals` VALUES (1, 'DRINKING', 'Sllrrppppp...');
INSERT INTO `pet_vocals` VALUES (0, 'EATING', '*oh that tastes good!*');
INSERT INTO `pet_vocals` VALUES (0, 'EATING', '*nom nom nom .... hmmmm!*');
INSERT INTO `pet_vocals` VALUES (0, 'GENERIC_HAPPY', '*i enjoy it*');
INSERT INTO `pet_vocals` VALUES (0, 'GENERIC_HAPPY', 'Whooohoo! *ahem* i meanl. nice.');
INSERT INTO `pet_vocals` VALUES (0, 'GENERIC_HAPPY', '*what a beautiful day it is today, and everything looks beautiful!*');
INSERT INTO `pet_vocals` VALUES (0, 'GENERIC_NEUTRAL', '*what are we going to do today....*');
INSERT INTO `pet_vocals` VALUES (0, 'GENERIC_NEUTRAL', 'Life is fun with a toy in your mouth or paws...');
INSERT INTO `pet_vocals` VALUES (0, 'GENERIC_NEUTRAL', '*takes a look around*');
INSERT INTO `pet_vocals` VALUES (0, 'GENERIC_SAD', 'I\'m a little sad.');
INSERT INTO `pet_vocals` VALUES (0, 'GENERIC_SAD', 'I have a terrible day today :(');
INSERT INTO `pet_vocals` VALUES (0, 'GENERIC_SAD', 'Everything is against me today, what a rotten day!');
INSERT INTO `pet_vocals` VALUES (0, 'GREET_OWNER', 'Hey what\'s up !');
INSERT INTO `pet_vocals` VALUES (0, 'GREET_OWNER', 'Welcome back, were you on vacation?');
INSERT INTO `pet_vocals` VALUES (0, 'GREET_OWNER', 'Hello, Bonjour, Hola, Salaam, Guten tag, Hello, Здравстуйте!');
INSERT INTO `pet_vocals` VALUES (0, 'HUNGRY', '*can I put some sugar on that?*');
INSERT INTO `pet_vocals` VALUES (0, 'HUNGRY', '*my stomach is rumbling.....*');
INSERT INTO `pet_vocals` VALUES (0, 'HUNGRY', '*i am very hungry, please feed me!*');
INSERT INTO `pet_vocals` VALUES (0, 'LEVEL_UP', '*DING* I\'m on the up.');
INSERT INTO `pet_vocals` VALUES (0, 'LEVEL_UP', '*DING* Another level, done.');
INSERT INTO `pet_vocals` VALUES (0, 'LEVEL_UP', 'I just leveled up!');
INSERT INTO `pet_vocals` VALUES (0, 'LEVEL_UP', '*DING* I just advanced another level. But what does that MEAN?');
INSERT INTO `pet_vocals` VALUES (0, 'MUTED', '*Mmmmm...Mmmmmm.M....M...m....... .   .    .*');
INSERT INTO `pet_vocals` VALUES (0, 'MUTED', '*But .......... ... .. .   .*');
INSERT INTO `pet_vocals` VALUES (0, 'MUTED', '*... ... ... ... ...*');
INSERT INTO `pet_vocals` VALUES (0, 'PLAYFUL', 'Fancy a game? Eh.... water polo? Or something?');
INSERT INTO `pet_vocals` VALUES (0, 'PLAYFUL', '*play! oh please?*');
INSERT INTO `pet_vocals` VALUES (0, 'PLAYFUL', '*feel like a game*');
INSERT INTO `pet_vocals` VALUES (0, 'PLAYFUL', '*i want to do something that is fun*');
INSERT INTO `pet_vocals` VALUES (0, 'GENERIC_SAD', 'Oooh I just want to cry....');
INSERT INTO `pet_vocals` VALUES (0, 'SLEEPING', '*Zz.Zz.Zz....Zz.Zz.Zz....*');
INSERT INTO `pet_vocals` VALUES (0, 'SLEEPING', '*dreams about food*');
INSERT INTO `pet_vocals` VALUES (0, 'SLEEPING', '*dreams about the owner*');
INSERT INTO `pet_vocals` VALUES (0, 'SLEEPING', '*dreams about something beautiful*');
INSERT INTO `pet_vocals` VALUES (0, 'SLEEPING', '*dreams of long vacations with the owner*');
INSERT INTO `pet_vocals` VALUES (0, 'SLEEPING', '*Zz.ZZZ...if only I were an Elephant, I\'d have a trunk*');
INSERT INTO `pet_vocals` VALUES (0, 'THIRSTY', '*Thirst!*');
INSERT INTO `pet_vocals` VALUES (0, 'THIRSTY', 'Wahaaaater! thirsty');
INSERT INTO `pet_vocals` VALUES (0, 'THIRSTY', '*looks for a drink*');
INSERT INTO `pet_vocals` VALUES (0, 'TIRED', '*yawns and looks dreamy*');
INSERT INTO `pet_vocals` VALUES (0, 'TIRED', '*yawns and looks sleepy*');
INSERT INTO `pet_vocals` VALUES (0, 'UNKNOWN_COMMAND', 'No way hosay!');
INSERT INTO `pet_vocals` VALUES (0, 'UNKNOWN_COMMAND', 'I don\'t get you, what do you want me to do?');
INSERT INTO `pet_vocals` VALUES (12, 'GENERIC_HAPPY', 'Whoohooo! This is awesome!');
INSERT INTO `pet_vocals` VALUES (12, 'GENERIC_HAPPY', 'Wow, this is much more fun than I thought!');
INSERT INTO `pet_vocals` VALUES (12, 'GENERIC_NEUTRAL', 'Water! The most beautiful on earth! Except for my owner');
INSERT INTO `pet_vocals` VALUES (2, 'SLEEPING', '*dreams of beautiful islands*');
INSERT INTO `pet_vocals` VALUES (1, 'GENERIC_NEUTRAL', '*looks for birds*');
INSERT INTO `pet_vocals` VALUES (1, 'DRINKING', 'Sllrrppppp...');
